26750.619170002246;0.2;0.2;0.1;0.7;0.5;0.47160851219568994;0.6666168409598687;0.2432872920554362;0.011583015979154657;0;0;0;0;0.7;0.5
25724.58420726788;0.2;0.2;0.1;0.7;0.5555555555555556;0.4510933202307576;1.0;0.25;0.012926379395861668;0;0;0;0;0.7;0.5555555555555556
26062.024064111;0.2;0.2;0.1;0.7;0.6111111111111112;0.4806980750874555;0.6664120842091541;0.25;0.01439856567400241;0;0;0;0;0.7;0.6111111111111112
24851.545195247538;0.2;0.2;0.1;0.7;0.6666666666666666;0.45130423527226;1.0;0.25;0.015390558296467507;0;0;0;0;0.7;0.6666666666666666
25481.668747895896;0.2;0.2;0.1;0.7;0.7222222222222222;0.4816752017055802;0.6665951275666127;0.25;0.01695136218689321;0;0;0;0;0.7;0.7222222222222222
24805.588206585835;0.2;0.2;0.1;0.7;0.7777777777777778;0.454224523161097;1.0;0.25;0.018146132387441217;0;0;0;0;0.7;0.7777777777777778
25090.928688355216;0.2;0.2;0.1;0.7;0.8333333333333333;0.45657835869493163;1.0;0.25;0.01955471310108809;0;0;0;0;0.7;0.8333333333333333
24508.048175506618;0.2;0.2;0.1;0.7;0.8888888888888888;0.4580612617341113;0.9274985386164079;0.25;0.018789702440063876;0;0;0;0;0.7;0.8888888888888888
25002.92293985212;0.2;0.2;0.1;0.7;0.9444444444444444;0.4863485653905017;0.6665903679244244;0.25;0.022315529731007314;0;0;0;0;0.7;0.9444444444444444
24000.548086900384;0.2;0.2;0.1;0.7;1.0;0.4845834395705786;0.6665683881930407;0.25;0.023550967249417906;0;0;0;0;0.7;1.0
25124.741231598087;0.2;0.2;0.1;0.7166666666666667;0.5;0.4487580270623064;1.0;0.25;0.011604528920153593;0;0;0;0;0.7166666666666667;0.5
28303.91146173712;0.2;0.2;0.1;0.7166666666666667;0.5555555555555556;0.5444835278680835;0.39995162765777365;0.24993624400374784;0.013694252756386102;0;0;0;0;0.7166666666666667;0.5555555555555556
24776.79836866749;0.2;0.2;0.1;0.7166666666666667;0.6111111111111112;0.45059080718989186;1.0;0.25;0.014210785809110586;0;0;0;0;0.7166666666666667;0.6111111111111112
24447.47365937188;0.2;0.2;0.1;0.7166666666666667;0.6666666666666666;0.4510684724785396;1.0;0.25;0.015509007346125652;0;0;0;0;0.7166666666666667;0.6666666666666666
24324.201038110994;0.2;0.2;0.1;0.7166666666666667;0.7222222222222222;0.45216075615091034;1.0;0.25;0.01680897078112166;0;0;0;0;0.7166666666666667;0.7222222222222222
24402.71396677162;0.2;0.2;0.1;0.7166666666666667;0.7777777777777778;0.4538892823685213;1.0;0.25;0.01817942040475383;0;0;0;0;0.7166666666666667;0.7777777777777778
24686.69111463159;0.2;0.2;0.1;0.7166666666666667;0.8333333333333333;0.45633443709158733;1.0;0.25;0.019658881308474967;0;0;0;0;0.7166666666666667;0.8333333333333333
25189.444122784458;0.2;0.2;0.1;0.7166666666666667;0.8888888888888888;0.4595307299007724;1.0;0.25;0.021250163461715106;0;0;0;0;0.7166666666666667;0.8888888888888888
25199.316401389933;0.2;0.2;0.1;0.7166666666666667;0.9444444444444444;0.4641253768732693;0.6666136961825662;0.23058689668633647;0.022103712478933446;0;0;0;0;0.7166666666666667;0.9444444444444444
25266.47316099261;0.2;0.2;0.1;0.7166666666666667;1.0;0.4903101242588897;0.6665713244015248;0.25;0.024150467333739906;0;0;0;0;0.7166666666666667;1.0
26744.283339067573;0.2;0.2;0.1;0.7333333333333333;0.5;0.4818655110506976;0.6666008605118854;0.25;0.012113712423304897;0;0;0;0;0.7333333333333333;0.5
25910.113118385878;0.2;0.2;0.1;0.7333333333333333;0.5555555555555556;0.4805398442364837;0.6665562902973674;0.25;0.013331765334762234;0;0;0;0;0.7333333333333333;0.5555555555555556
26442.25446173478;0.2;0.2;0.1;0.7333333333333333;0.6111111111111112;0.48392919547492774;0.6666255118357638;0.25;0.014880209112444281;0;0;0;0;0.7333333333333333;0.6111111111111112
26130.881835743778;0.2;0.2;0.1;0.7333333333333333;0.6666666666666666;0.4844788800633617;0.6666146828810481;0.25;0.016246723098194055;0;0;0;0;0.7333333333333333;0.6666666666666666
25348.00477544444;0.2;0.2;0.1;0.7333333333333333;0.7222222222222222;0.4562349208372364;1.0;0.25;0.017312682468459902;0;0;0;0;0.7333333333333333;0.7222222222222222
24052.91943806031;0.2;0.2;0.1;0.7333333333333333;0.7777777777777778;0.4536315238602345;1.0;0.25;0.018278107615750213;0;0;0;0;0.7333333333333333;0.7777777777777778
24804.114566044995;0.2;0.2;0.1;0.7333333333333333;0.8333333333333333;0.4639618841587961;0.9002229227208237;0.25;0.020688418083110848;0;0;0;0;0.7333333333333333;0.8333333333333333
25076.866055394392;0.2;0.2;0.1;0.7333333333333333;0.8888888888888888;0.4635329329397724;0.9499858596743161;0.25;0.022302143430323072;0;0;0;0;0.7333333333333333;0.8888888888888888
23772.047814836646;0.2;0.2;0.1;0.7333333333333333;0.9444444444444444;0.4574879097691462;1.0;0.25;0.0225238682832254;0;0;0;0;0.7333333333333333;0.9444444444444444
24914.27107083596;0.2;0.2;0.1;0.7333333333333333;1.0;0.4900718739824522;0.6666336236644634;0.25;0.024336061495750273;0;0;0;0;0.7333333333333333;1.0
26450.79138648118;0.2;0.2;0.1;0.75;0.5;0.4813903825559808;0.6665779569062383;0.25;0.01215031664571617;0;0;0;0;0.75;0.5
26678.43161571437;0.2;0.2;0.1;0.75;0.5555555555555556;0.48385530243317243;0.6666456413143975;0.25;0.013675171286796631;0;0;0;0;0.75;0.5555555555555556
26144.755309714445;0.2;0.2;0.1;0.75;0.6111111111111112;0.48367895224766977;0.6666001883555024;0.25;0.014875315096038694;0;0;0;0;0.75;0.6111111111111112
25834.84413632938;0.2;0.2;0.1;0.75;0.6666666666666666;0.4842564091868483;0.6662884651375889;0.25;0.01624431826383867;0;0;0;0;0.75;0.6666666666666666
25050.53427592783;0.2;0.2;0.1;0.75;0.7222222222222222;0.45596610884162164;1.0;0.25;0.017409825628116087;0;0;0;0;0.75;0.7222222222222222
25249.005588070206;0.2;0.2;0.1;0.75;0.7777777777777778;0.458170122680846;1.0;0.25;0.01889406739429636;0;0;0;0;0.75;0.7777777777777778
24221.1735449306;0.2;0.2;0.1;0.75;0.8333333333333333;0.4591060756607886;0.9596474038374997;0.25;0.020558942348540526;0;0;0;0;0.75;0.8333333333333333
24540.643946933433;0.2;0.2;0.1;0.75;0.8888888888888888;0.45904441391510475;1.0;0.25;0.02148710945772407;0;0;0;0;0.75;0.8888888888888888
25968.565513479884;0.2;0.2;0.1;0.75;0.9444444444444444;0.47902526333709633;0.6666666197334055;0.23952660084213637;0.022547019445902712;0;0;0;0;0.75;0.9444444444444444
24618.318854818226;0.2;0.2;0.1;0.75;1.0;0.49033921954679666;0.6666295110849348;0.25;0.024808339018207358;0;0;0;0;0.75;1.0
25215.348294965926;0.2;0.2;0.1;0.7666666666666666;0.5;0.450882099588245;1.0;0.25;0.012080195064574228;0;0;0;0;0.7666666666666666;0.5
28447.109404809024;0.2;0.2;0.1;0.7666666666666666;0.5555555555555556;0.547956382857828;0.3999083004005731;0.25;0.014170954154309644;0;0;0;0;0.7666666666666666;0.5555555555555556
32181.674796582276;0.2;0.2;0.1;0.7666666666666666;0.6111111111111112;0.37990531293207097;0.3999247081265457;0.11864386088012424;0.011192146714513827;0;0;0;0;0.7666666666666666;0.6111111111111112
24824.49991443993;0.2;0.2;0.1;0.7666666666666666;0.6666666666666666;0.45427588837383365;1.0;0.25;0.016151235140509396;0;0;0;0;0.7666666666666666;0.6666666666666666
24802.68814603061;0.2;0.2;0.1;0.7666666666666666;0.7222222222222222;0.4556910908679498;1.0;0.25;0.017509049676740208;0;0;0;0;0.7666666666666666;0.7222222222222222
24999.993175014883;0.2;0.2;0.1;0.7666666666666666;0.7777777777777778;0.45793575766974814;1.0;0.25;0.019060694476516565;0;0;0;0;0.7666666666666666;0.7777777777777778
25427.954881696332;0.2;0.2;0.1;0.7666666666666666;0.8333333333333333;0.4610530504045719;1.0;0.25;0.020732060051840685;0;0;0;0;0.7666666666666666;0.8333333333333333
24768.469731456113;0.2;0.2;0.1;0.7666666666666666;0.8888888888888888;0.4875703404056655;0.6665615618435217;0.25;0.021803541624376484;0;0;0;0;0.7666666666666666;0.8888888888888888
25035.25174776011;0.2;0.2;0.1;0.7666666666666666;0.9444444444444444;0.4628695216775982;1.0;0.25;0.023374586909316587;0;0;0;0;0.7666666666666666;0.9444444444444444
27831.192453780743;0.2;0.2;0.1;0.7666666666666666;1.0;0.40527313616535593;0.6666604304006034;0.17427924785263837;0.025001922430678482;0;0;0;0;0.7666666666666666;1.0
26268.367437971963;0.2;0.2;0.1;0.7833333333333333;0.5;0.4572392345292009;0.9508811584470347;0.25;0.012381257955497556;0;0;0;0;0.7833333333333333;0.5
32110.22428047143;0.2;0.2;0.1;0.7833333333333333;0.5555555555555556;0.3936757454562825;0.39992014039191404;0.12941941604231696;0.01062994606467208;0;0;0;0;0.7833333333333333;0.5555555555555556
25722.508497795607;0.2;0.2;0.1;0.7833333333333333;0.6111111111111112;0.48215999123385517;0.6666078919619739;0.24971825144998028;0.01486245558791544;0;0;0;0;0.7833333333333333;0.6111111111111112
32197.39284772705;0.2;0.2;0.1;0.7833333333333333;0.6666666666666666;0.4950222932325786;0.2856211788041257;0.1638087658143924;0.014988740321213273;0;0;0;0;0.7833333333333333;0.6666666666666666
24602.13666680542;0.2;0.2;0.1;0.7833333333333333;0.7222222222222222;0.45542021948671746;1.0;0.25;0.017622049902600523;0;0;0;0;0.7833333333333333;0.7222222222222222
25388.04989231291;0.2;0.2;0.1;0.7833333333333333;0.7777777777777778;0.48699907358689765;0.6666212467083572;0.25;0.01933188201964213;0;0;0;0;0.7833333333333333;0.7777777777777778
25377.5937163366;0.2;0.2;0.1;0.7833333333333333;0.8333333333333333;0.46210093310895717;0.9720523087948283;0.25;0.020180190567705137;0;0;0;0;0.7833333333333333;0.8333333333333333
24090.73644926185;0.2;0.2;0.1;0.7833333333333333;0.8888888888888888;0.4585387619137175;1.0;0.25;0.021737274060120427;0;0;0;0;0.7833333333333333;0.8888888888888888
25177.486002489906;0.2;0.2;0.1;0.7833333333333333;0.9444444444444444;0.4914001673119104;0.6665676909759266;0.25;0.023807212418405985;0;0;0;0;0.7833333333333333;0.9444444444444444
26562.24780531888;0.2;0.2;0.1;0.7833333333333333;1.0;0.4062925017990724;0.6666237321877265;0.17866410048850698;0.021032477269830506;0;0;0;0;0.7833333333333333;1.0
25908.3509880938;0.2;0.2;0.1;0.7999999999999999;0.5;0.453408719720024;1.0;0.25;0.012379320376142505;0;0;0;0;0.7999999999999999;0.5
26075.614477015657;0.2;0.2;0.1;0.7999999999999999;0.5555555555555556;0.48285702223580723;0.6665843878242931;0.25;0.013861139952457188;0;0;0;0;0.7999999999999999;0.5555555555555556
26757.016578636056;0.2;0.2;0.1;0.7999999999999999;0.6111111111111112;0.48703228213300354;0.6665628965845853;0.25;0.015494164893312642;0;0;0;0;0.7999999999999999;0.6111111111111112
29993.877857261625;0.2;0.2;0.1;0.7999999999999999;0.6666666666666666;0.6;0.28564862162352306;0.2381889226078728;0.017306734865625978;0;0;0;0;0.7999999999999999;0.6666666666666666
29925.917734335184;0.2;0.2;0.1;0.7999999999999999;0.7222222222222222;0.5999999871294629;0.28563430552518804;0.23677204185484974;0.018828950275074245;0;0;0;0;0.7999999999999999;0.7222222222222222
24764.134525609876;0.2;0.2;0.1;0.7999999999999999;0.7777777777777778;0.45779968786551045;0.984441742695853;0.25;0.01847746183436453;0;0;0;0;0.7999999999999999;0.7777777777777778
25550.604611334027;0.2;0.2;0.1;0.7999999999999999;0.8333333333333333;0.4895700261451746;0.6666413251061186;0.25;0.021048667301334884;0;0;0;0;0.7999999999999999;0.8333333333333333
26098.297698403083;0.2;0.2;0.1;0.7999999999999999;0.8888888888888888;0.49337353234696346;0.6665522286881613;0.25;0.0227601420499026;0;0;0;0;0.7999999999999999;0.8888888888888888
25021.882182623427;0.2;0.2;0.1;0.7999999999999999;0.9444444444444444;0.4910019287373317;0.6665662756005453;0.25;0.023763691846653;0;0;0;0;0.7999999999999999;0.9444444444444444
24007.805018800467;0.2;0.2;0.1;0.7999999999999999;1.0;0.48890687197489346;0.6665957888664737;0.25;0.02483587104180283;0;0;0;0;0.7999999999999999;1.0
27524.29410550439;0.2;0.2;0.1;0.8166666666666667;0.5;0.45475863906732844;0.6665619114492554;0.22478194477725663;0.012002590945309834;0;0;0;0;0.8166666666666667;0.5
33328.17222108443;0.2;0.2;0.1;0.8166666666666667;0.5555555555555556;0.38467265374955023;0.39990809961924934;0.11955892671721313;0.010647004565602048;0;0;0;0;0.8166666666666667;0.5555555555555556
31988.78852296079;0.2;0.2;0.1;0.8166666666666667;0.6111111111111112;0.327836751020305;0.6666232934495465;0.1101897242791797;0.010951757856765278;0;0;0;0;0.8166666666666667;0.6111111111111112
32302.024858450488;0.2;0.2;0.1;0.8166666666666667;0.6666666666666666;0.4758279517978998;0.28562920243950707;0.15158359865377685;0.01417917746164959;0;0;0;0;0.8166666666666667;0.6666666666666666
25835.27536353693;0.2;0.2;0.1;0.8166666666666667;0.7222222222222222;0.4596229585791916;1.0;0.25;0.018316185951501595;0;0;0;0;0.8166666666666667;0.7222222222222222
26570.45243162613;0.2;0.2;0.1;0.8166666666666667;0.7777777777777778;0.46388874101719146;0.959155000217653;0.25;0.01826936004864698;0;0;0;0;0.8166666666666667;0.7777777777777778
25230.73992845028;0.2;0.2;0.1;0.8166666666666667;0.8333333333333333;0.46037689131012594;0.9771963593197964;0.25;0.01940602414815225;0;0;0;0;0.8166666666666667;0.8333333333333333
25918.868810071832;0.2;0.2;0.1;0.8166666666666667;0.8888888888888888;0.4659340914202822;0.9565331795425677;0.25;0.021632244675706847;0;0;0;0;0.8166666666666667;0.8888888888888888
24906.968801467723;0.2;0.2;0.1;0.8166666666666667;0.9444444444444444;0.4907780296286611;0.6665703610585411;0.25;0.024098885081552283;0;0;0;0;0.8166666666666667;0.9444444444444444
25626.934115662974;0.2;0.2;0.1;0.8166666666666667;1.0;0.4686163089524465;0.9940136820261122;0.25;0.026826242010951237;0;0;0;0;0.8166666666666667;1.0
26842.30306059159;0.2;0.2;0.1;0.8333333333333333;0.5;0.45616975964077816;1.0;0.25;0.012782364299127815;0;0;0;0;0.8333333333333333;0.5
29006.544022231974;0.2;0.2;0.1;0.8333333333333333;0.5555555555555556;0.5510000766811399;0.3999779225439185;0.25;0.014796605195654783;0;0;0;0;0.8333333333333333;0.5555555555555556
26572.041863720617;0.2;0.2;0.1;0.8333333333333333;0.6111111111111112;0.4863131774709914;0.6666331623356032;0.25;0.0158120722345775;0;0;0;0;0.8333333333333333;0.6111111111111112
29786.233844813385;0.2;0.2;0.1;0.8333333333333333;0.6666666666666666;0.6;0.2857106369502227;0.23871917457425498;0.017752838268130892;0;0;0;0;0.8333333333333333;0.6666666666666666
25763.69514466774;0.2;0.2;0.1;0.8333333333333333;0.7222222222222222;0.4593334304553085;1.0;0.25;0.01842927353994812;0;0;0;0;0.8333333333333333;0.7222222222222222
26105.18691843491;0.2;0.2;0.1;0.8333333333333333;0.7777777777777778;0.46210505291847753;1.0;0.25;0.020055845687790893;0;0;0;0;0.8333333333333333;0.7777777777777778
25356.400088431772;0.2;0.2;0.1;0.8333333333333333;0.8333333333333333;0.4644806747685545;0.9206492251280133;0.25;0.019937123416784473;0;0;0;0;0.8333333333333333;0.8333333333333333
25911.5775417077;0.2;0.2;0.1;0.8333333333333333;0.8888888888888888;0.4927769600985607;0.6665686120086822;0.25;0.022998965154339763;0;0;0;0;0.8333333333333333;0.8888888888888888
24837.08025536301;0.2;0.2;0.1;0.8333333333333333;0.9444444444444444;0.49040157599150314;0.666375529266316;0.25;0.024094044021819434;0;0;0;0;0.8333333333333333;0.9444444444444444
25927.037781284682;0.2;0.2;0.1;0.8333333333333333;1.0;0.47401411715201014;0.9086993986061851;0.25;0.026368388774264517;0;0;0;0;0.8333333333333333;1.0
28525.690018565238;0.2;0.2;0.1;0.85;0.5;0.4566415608759583;0.6666486151110853;0.2235482627905348;0.012571724885276997;0;0;0;0;0.85;0.5
28973.496429172093;0.2;0.2;0.1;0.85;0.5555555555555556;0.5505142546161262;0.39990413560553306;0.25;0.01489745509349851;0;0;0;0;0.85;0.5555555555555556
26539.18868110214;0.2;0.2;0.1;0.85;0.6111111111111112;0.4860716196813028;0.6665941196488644;0.25;0.01587589278873383;0;0;0;0;0.85;0.6111111111111112
29739.93554436968;0.2;0.2;0.1;0.85;0.6666666666666666;0.6;0.28567921465835816;0.2393762214342839;0.017709105408912015;0;0;0;0;0.85;0.6666666666666666
26321.917272645293;0.2;0.2;0.1;0.85;0.7222222222222222;0.4885608925843612;0.6666337303828123;0.25;0.018771186531687276;0;0;0;0;0.85;0.7222222222222222
29484.975652336263;0.2;0.2;0.1;0.85;0.7777777777777778;0.4046656432466066;0.6665783950261026;0.17321346001870322;0.01933107720289554;0;0;0;0;0.85;0.7777777777777778
27022.960439871153;0.2;0.2;0.1;0.85;0.8333333333333333;0.49490824592050603;0.666648266640982;0.25;0.022081993705138952;0;0;0;0;0.85;0.8333333333333333
25945.525954229553;0.2;0.2;0.1;0.85;0.8888888888888888;0.46372511649043846;0.967275001385578;0.25;0.020867506375949987;0;0;0;0;0.85;0.8888888888888888
26672.472914916045;0.2;0.2;0.1;0.85;0.9444444444444444;0.49738050840223486;0.6666097089220279;0.25;0.02521870268368634;0;0;0;0;0.85;0.9444444444444444
25651.812837815265;0.2;0.2;0.1;0.85;1.0;0.495383852765655;0.6666516562322717;0.25;0.026356350065763125;0;0;0;0;0.85;1.0
28649.851442280917;0.2;0.2;0.1375;0.7;0.5;0.5431369339204704;0.39966571283575625;0.25;0.0121863735976151;0;0;0;0;0.7;0.5
28702.414850249323;0.2;0.2;0.1375;0.7;0.5555555555555556;0.5449051436707345;0.39999780760897224;0.25;0.013632167430044839;0;0;0;0;0.7;0.5555555555555556
25179.598099871266;0.2;0.2;0.1375;0.7;0.6111111111111112;0.45085970256012414;1.0;0.25;0.014144652904336724;0;0;0;0;0.7;0.6111111111111112
31023.454770559663;0.2;0.2;0.1375;0.7;0.6666666666666666;0.6;0.22214827793257882;0.20475078399256638;0.015187559100949032;0;0;0;0;0.7;0.6666666666666666
27407.968688623703;0.2;0.2;0.1375;0.7;0.7222222222222222;0.5443226137206196;0.3999480227726212;0.24999805091540586;0.017497000414729902;0;0;0;0;0.7;0.7222222222222222
25486.259391246098;0.2;0.2;0.1375;0.7;0.7777777777777778;0.4830604083551215;0.6665987788350306;0.25;0.01829379331008268;0;0;0;0;0.7;0.7777777777777778
27499.87141074294;0.2;0.2;0.1375;0.7;0.8333333333333333;0.5483621291370193;0.3999802624857333;0.25;0.02053987455683395;0;0;0;0;0.7;0.8333333333333333
27768.958592049163;0.2;0.2;0.1375;0.7;0.8888888888888888;0.5971998922947095;0.2856876573586883;0.24283936987254787;0.02151324297314441;0;0;0;0;0.7;0.8888888888888888
29172.348832379255;0.2;0.2;0.1375;0.7;0.9444444444444444;0.5409563268983971;0.2856550486880487;0.2005799505834574;0.02109441185556652;0;0;0;0;0.7;0.9444444444444444
25740.435673003893;0.2;0.2;0.1375;0.7;1.0;0.5458545635631818;0.39999014550450507;0.25;0.024134899015784504;0;0;0;0;0.7;1.0
26146.253462994824;0.2;0.2;0.1375;0.7166666666666667;0.5;0.4788891848491303;0.6666191258951476;0.25;0.011825207308176239;0;0;0;0;0.7166666666666667;0.5
28301.59008892198;0.2;0.2;0.1375;0.7166666666666667;0.5555555555555556;0.5445657615207286;0.39998107118460985;0.25;0.01372007082528837;0;0;0;0;0.7166666666666667;0.5555555555555556
25319.478162374417;0.2;0.2;0.1375;0.7166666666666667;0.6111111111111112;0.453915189370343;0.9354206132438084;0.25;0.012911935989242429;0;0;0;0;0.7166666666666667;0.6111111111111112
27242.728923815295;0.2;0.2;0.1375;0.7166666666666667;0.6666666666666666;0.5435551968538721;0.3996856738640823;0.25;0.016320465960479952;0;0;0;0;0.7166666666666667;0.6666666666666666
27004.832881440238;0.2;0.2;0.1375;0.7166666666666667;0.7222222222222222;0.5440727311581585;0.39990053697347744;0.25;0.017638458869840928;0;0;0;0;0.7166666666666667;0.7222222222222222
25081.69181039884;0.2;0.2;0.1375;0.7166666666666667;0.7777777777777778;0.48297849765558903;0.6666566675143529;0.25;0.018659480596958218;0;0;0;0;0.7166666666666667;0.7777777777777778
27104.08726949994;0.2;0.2;0.1375;0.7166666666666667;0.8333333333333333;0.5486014317433314;0.39912887984034034;0.25;0.020578703933130032;0;0;0;0;0.7166666666666667;0.8333333333333333
28248.846304442108;0.2;0.2;0.1375;0.7166666666666667;0.8888888888888888;0.5115514094032749;0.3999795611244707;0.21892172183143171;0.02073007434483165;0;0;0;0;0.7166666666666667;0.8888888888888888
27721.820897889822;0.2;0.2;0.1375;0.7166666666666667;0.9444444444444444;0.6;0.28567487648510165;0.24247993457171557;0.023173196816498647;0;0;0;0;0.7166666666666667;0.9444444444444444
30452.03940443098;0.2;0.2;0.1375;0.7166666666666667;1.0;0.40796348761013285;0.39990317240524964;0.13789402249182792;0.018892116659733827;0;0;0;0;0.7166666666666667;1.0
32422.174319774513;0.2;0.2;0.1375;0.7333333333333333;0.5;0.6;0.22216241798850053;0.20133171963848473;0.011805874481225505;0;0;0;0;0.7333333333333333;0.5
27955.739100562936;0.2;0.2;0.1375;0.7333333333333333;0.5555555555555556;0.5441020167164559;0.3999449463725884;0.25;0.013759104710581739;0;0;0;0;0.7333333333333333;0.5555555555555556
26441.37597110844;0.2;0.2;0.1375;0.7333333333333333;0.6111111111111112;0.484042808316571;0.6665638507112389;0.25;0.014813324869319166;0;0;0;0;0.7333333333333333;0.6111111111111112
28066.215830930712;0.2;0.2;0.1375;0.7333333333333333;0.6666666666666666;0.5480728993394808;0.3999447766876974;0.2499854397035732;0.016634410240716206;0;0;0;0;0.7333333333333333;0.6666666666666666
30894.174481409787;0.2;0.2;0.1375;0.7333333333333333;0.7222222222222222;0.42392807764945084;0.39991162484745896;0.1522060692831191;0.014314659322506675;0;0;0;0;0.7333333333333333;0.7222222222222222
24728.80171289096;0.2;0.2;0.1375;0.7333333333333333;0.7777777777777778;0.48265223126877926;0.6665725882801521;0.25;0.018530835829890752;0;0;0;0;0.7333333333333333;0.7777777777777778
26742.330794978963;0.2;0.2;0.1375;0.7333333333333333;0.8333333333333333;0.548022535498183;0.3997780696442346;0.25;0.02073666764608033;0;0;0;0;0.7333333333333333;0.8333333333333333
27071.240914060018;0.2;0.2;0.1375;0.7333333333333333;0.8888888888888888;0.5513784673959388;0.3998704641639091;0.25;0.022240225746667296;0;0;0;0;0.7333333333333333;0.8888888888888888
29262.105047995756;0.2;0.2;0.1375;0.7333333333333333;0.9444444444444444;0.4963751015578702;0.3239935722252318;0.18255477493293998;0.020034064151783316;0;0;0;0;0.7333333333333333;0.9444444444444444
30240.351242237113;0.2;0.2;0.1375;0.7333333333333333;1.0;0.4032379170318122;0.39989066489890945;0.1344378852114765;0.018878205714476647;0;0;0;0;0.7333333333333333;1.0
30135.11656521861;0.2;0.2;0.1375;0.75;0.5;0.6;0.28563712333412805;0.24277317999579895;0.012655633108663225;0;0;0;0;0.75;0.5
25787.968464301026;0.2;0.2;0.1375;0.75;0.5555555555555556;0.45365334439953037;1.0;0.25;0.0134032432247106;0;0;0;0;0.75;0.5555555555555556
26143.722789782634;0.2;0.2;0.1375;0.75;0.6111111111111112;0.48386730248133786;0.6665960988325628;0.25;0.014983891878484782;0;0;0;0;0.75;0.6111111111111112
25832.230819893764;0.2;0.2;0.1375;0.75;0.6666666666666666;0.4841869329487291;0.6666400985020605;0.25;0.01624659574405241;0;0;0;0;0.75;0.6666666666666666
27614.58242975167;0.2;0.2;0.1375;0.75;0.7222222222222222;0.5494019240371865;0.3997664146557342;0.25;0.01834628181096579;0;0;0;0;0.75;0.7222222222222222
27664.7296778681;0.2;0.2;0.1375;0.75;0.7777777777777778;0.5512411478111111;0.399957668554438;0.25;0.019651572417976413;0;0;0;0;0.75;0.7777777777777778
26448.127106826836;0.2;0.2;0.1375;0.75;0.8333333333333333;0.5472753268332055;0.3999325341129998;0.25;0.02091448419646628;0;0;0;0;0.75;0.8333333333333333
26772.355173981312;0.2;0.2;0.1375;0.75;0.8888888888888888;0.5508807514766974;0.39997761971214096;0.25;0.022297655918177894;0;0;0;0;0.75;0.8888888888888888
27309.86518013359;0.2;0.2;0.1375;0.75;0.9444444444444444;0.5554291529360973;0.3999648226995755;0.25;0.024378482782922137;0;0;0;0;0.75;0.9444444444444444
26289.23972844295;0.2;0.2;0.1375;0.75;1.0;0.5525574564149863;0.3998175724040487;0.25;0.02515403580745891;0;0;0;0;0.75;1.0
25216.248403804573;0.2;0.2;0.1375;0.7666666666666666;0.5;0.4508500149131902;1.0;0.25;0.01200917869387054;0;0;0;0;0.7666666666666666;0.5
26430.539844084637;0.2;0.2;0.1375;0.7666666666666666;0.5555555555555556;0.48364592952559143;0.6665589855185665;0.25;0.013689667687692206;0;0;0;0;0.7666666666666666;0.5555555555555556
25896.206236534363;0.2;0.2;0.1375;0.7666666666666666;0.6111111111111112;0.4834629030924243;0.6666254708672029;0.25;0.01502195544514825;0;0;0;0;0.7666666666666666;0.6111111111111112
29035.00871265178;0.2;0.2;0.1375;0.7666666666666666;0.6666666666666666;0.6;0.2856161230733573;0.24200833518544865;0.016921588780374468;0;0;0;0;0.7666666666666666;0.6666666666666666
27366.80386999677;0.2;0.2;0.1375;0.7666666666666666;0.7222222222222222;0.5488009264639533;0.3998960189287344;0.25;0.01839448122201944;0;0;0;0;0.7666666666666666;0.7222222222222222
27414.797807350777;0.2;0.2;0.1375;0.7666666666666666;0.7777777777777778;0.5508374129488471;0.39999694400318075;0.25;0.01982932777345609;0;0;0;0;0.7666666666666666;0.7777777777777778
25429.626481237327;0.2;0.2;0.1375;0.7666666666666666;0.8333333333333333;0.4608996225497305;1.0;0.25;0.02060475507131061;0;0;0;0;0.7666666666666666;0.8333333333333333
26523.717885133537;0.2;0.2;0.1375;0.7666666666666666;0.8888888888888888;0.5505296601498438;0.3999023924024786;0.25;0.022495518937123614;0;0;0;0;0.7666666666666666;0.8888888888888888
25378.39284230796;0.2;0.2;0.1375;0.7666666666666666;0.9444444444444444;0.49189265960719825;0.6666455458187203;0.25;0.023734024784685923;0;0;0;0;0.7666666666666666;0.9444444444444444
26038.559397301047;0.2;0.2;0.1375;0.7666666666666666;1.0;0.552041713429646;0.399950867696145;0.25;0.02521951961080777;0;0;0;0;0.7666666666666666;1.0
30707.654550103;0.2;0.2;0.1375;0.7833333333333333;0.5;0.6;0.2856662132246285;0.2398961349909308;0.012965751685417888;0;0;0;0;0.7833333333333333;0.5
26715.584308891706;0.2;0.2;0.1375;0.7833333333333333;0.5555555555555556;0.46852096963103756;0.6666276559306185;0.23678909072513737;0.014237130689855524;0;0;0;0;0.7833333333333333;0.5555555555555556
27674.551091118046;0.2;0.2;0.1375;0.7833333333333333;0.6111111111111112;0.5467677863179664;0.39987498733882704;0.25;0.015611266831724835;0;0;0;0;0.7833333333333333;0.6111111111111112
29815.746015480807;0.2;0.2;0.1375;0.7833333333333333;0.6666666666666666;0.5038040687244489;0.39992658094022626;0.21103257641281753;0.017390914768903774;0;0;0;0;0.7833333333333333;0.6666666666666666
25282.690807638726;0.2;0.2;0.1375;0.7833333333333333;0.7222222222222222;0.48483348578702073;0.6665976413691884;0.249987514695187;0.017840828335185015;0;0;0;0;0.7833333333333333;0.7222222222222222
27418.206813366203;0.2;0.2;0.1375;0.7833333333333333;0.7777777777777778;0.5512721779632522;0.3999135416332013;0.25;0.02179080309729148;0;0;0;0;0.7833333333333333;0.7777777777777778
25354.91204851714;0.2;0.2;0.1375;0.7833333333333333;0.8333333333333333;0.4627894169661114;0.9701537952753584;0.25;0.020948216556312012;0;0;0;0;0.7833333333333333;0.8333333333333333
26445.258659958043;0.2;0.2;0.1375;0.7833333333333333;0.8888888888888888;0.5513797171777866;0.3997678210593298;0.25;0.024374426263021918;0;0;0;0;0.7833333333333333;0.8888888888888888
25309.149937226546;0.2;0.2;0.1375;0.7833333333333333;0.9444444444444444;0.48967630651836835;0.666585272402998;0.24989460658687598;0.023478991011881042;0;0;0;0;0.7833333333333333;0.9444444444444444
24163.194036498855;0.2;0.2;0.1375;0.7833333333333333;1.0;0.4893556620491804;0.666558058211364;0.25;0.024868828749765808;0;0;0;0;0.7833333333333333;1.0
28903.11761869249;0.2;0.2;0.1375;0.7999999999999999;0.5;0.5486196966881728;0.3999477640065332;0.25;0.013049530229094783;0;0;0;0;0.7999999999999999;0.5
26815.641793606057;0.2;0.2;0.1375;0.7999999999999999;0.5555555555555556;0.45914710522633034;0.6583857462491213;0.2280047718142733;0.013276959598725132;0;0;0;0;0.7999999999999999;0.5555555555555556
32185.076937127178;0.2;0.2;0.1375;0.7999999999999999;0.6111111111111112;0.6;0.22214016239947076;0.19804052710048073;0.014689350518792292;0;0;0;0;0.7999999999999999;0.6111111111111112
29416.09061499615;0.2;0.2;0.1375;0.7999999999999999;0.6666666666666666;0.5050238274844496;0.39992770585581433;0.21324346401755984;0.01614974419966981;0;0;0;0;0.7999999999999999;0.6666666666666666
27486.771159264616;0.2;0.2;0.1375;0.7999999999999999;0.7222222222222222;0.45471648976668194;0.6666613242895778;0.2200219486718194;0.017054086263757963;0;0;0;0;0.7999999999999999;0.7222222222222222
27085.409691477365;0.2;0.2;0.1375;0.7999999999999999;0.7777777777777778;0.548935526293986;0.39993128491872904;0.24988104393973148;0.019838341373378258;0;0;0;0;0.7999999999999999;0.7777777777777778
25550.393134880975;0.2;0.2;0.1375;0.7999999999999999;0.8333333333333333;0.48952025799490434;0.6666598634271251;0.25;0.021094399052685283;0;0;0;0;0.7999999999999999;0.8333333333333333
27774.658635062333;0.2;0.2;0.1375;0.7999999999999999;0.8888888888888888;0.5574782281550554;0.39998482789648565;0.25;0.02351004662308066;0;0;0;0;0.7999999999999999;0.8888888888888888
25023.36092110923;0.2;0.2;0.1375;0.7999999999999999;0.9444444444444444;0.49109071853728353;0.6662917601823101;0.25;0.023803921751584755;0;0;0;0;0.7999999999999999;0.9444444444444444
26309.87313861469;0.2;0.2;0.1375;0.7999999999999999;1.0;0.5289855481768717;0.46590112518844073;0.24801261088894916;0.023436529189203782;0;0;0;0;0.7999999999999999;1.0
30423.117131754985;0.2;0.2;0.1375;0.8166666666666667;0.5;0.6;0.2856576466090386;0.24057482667331162;0.013321083050570174;0;0;0;0;0.8166666666666667;0.5
29083.460476105753;0.2;0.2;0.1375;0.8166666666666667;0.5555555555555556;0.5512589186903617;0.39999935829117006;0.25;0.014807014696312402;0;0;0;0;0.8166666666666667;0.5555555555555556
30171.529025594526;0.2;0.2;0.1375;0.8166666666666667;0.6111111111111112;0.6;0.2856183050370051;0.23868929442310508;0.01606748186275561;0;0;0;0;0.8166666666666667;0.6111111111111112
28308.986303552017;0.2;0.2;0.1375;0.8166666666666667;0.6666666666666666;0.5519686268343639;0.39989882047666175;0.25;0.0175911626188767;0;0;0;0;0.8166666666666667;0.6666666666666666
26427.009036983345;0.2;0.2;0.1375;0.8166666666666667;0.7222222222222222;0.48933544914316335;0.6666163541202003;0.25;0.018503315153884693;0;0;0;0;0.8166666666666667;0.7222222222222222
29122.31778749832;0.2;0.2;0.1375;0.8166666666666667;0.7777777777777778;0.5288916595515931;0.3999167025025177;0.2305101352170589;0.018395635540826894;0;0;0;0;0.8166666666666667;0.7777777777777778
27195.633558223948;0.2;0.2;0.1375;0.8166666666666667;0.8333333333333333;0.5527193500492911;0.39992709280410343;0.25;0.02180230941492338;0;0;0;0;0.8166666666666667;0.8333333333333333
25982.265276735045;0.2;0.2;0.1375;0.8166666666666667;0.8888888888888888;0.49315063261354825;0.6666518434102168;0.25;0.023041460585625107;0;0;0;0;0.8166666666666667;0.8888888888888888
28987.75272516698;0.2;0.2;0.1375;0.8166666666666667;0.9444444444444444;0.4531828597914841;0.3999686053156718;0.17161670600092385;0.022117934016201612;0;0;0;0;0.8166666666666667;0.9444444444444444
25761.258607732234;0.2;0.2;0.1375;0.8166666666666667;1.0;0.49585833369636184;0.6666190460021282;0.25;0.025990651937216697;0;0;0;0;0.8166666666666667;1.0
26842.30754860966;0.2;0.2;0.1375;0.8333333333333333;0.5;0.4561716240435537;1.0;0.25;0.012781284532195685;0;0;0;0;0.8333333333333333;0.5
27027.19865862336;0.2;0.2;0.1375;0.8333333333333333;0.5555555555555556;0.486335170375942;0.6666333352944674;0.25;0.014376435756202007;0;0;0;0;0.8333333333333333;0.5555555555555556
28508.843984040523;0.2;0.2;0.1375;0.8333333333333333;0.6111111111111112;0.5507418822903242;0.39985196304337894;0.25;0.016211553849146798;0;0;0;0;0.8333333333333333;0.6111111111111112
28236.91398339087;0.2;0.2;0.1375;0.8333333333333333;0.6666666666666666;0.551355975567097;0.3999248803740924;0.25;0.01763062384963364;0;0;0;0;0.8333333333333333;0.6666666666666666
26356.794779874745;0.2;0.2;0.1375;0.8333333333333333;0.7222222222222222;0.48905536612233563;0.6666373600416371;0.25;0.018537572986589392;0;0;0;0;0.8333333333333333;0.7222222222222222
28345.932242773266;0.2;0.2;0.1375;0.8333333333333333;0.7777777777777778;0.5560940697809071;0.3999456306584633;0.25;0.020858674400510157;0;0;0;0;0.8333333333333333;0.7777777777777778
25364.73492952171;0.2;0.2;0.1375;0.8333333333333333;0.8333333333333333;0.4889545914143486;0.6665358527634996;0.25;0.021422248028610515;0;0;0;0;0.8333333333333333;0.8333333333333333
25936.70457930895;0.2;0.2;0.1375;0.8333333333333333;0.8888888888888888;0.4935971606381271;0.6665715167716193;0.25;0.023978725053158092;0;0;0;0;0.8333333333333333;0.8888888888888888
24842.668651824784;0.2;0.2;0.1375;0.8333333333333333;0.9444444444444444;0.4905866972921491;0.6655709653553685;0.25;0.024150515134409647;0;0;0;0;0.8333333333333333;0.9444444444444444
25686.969410852147;0.2;0.2;0.1375;0.8333333333333333;1.0;0.4956954097908816;0.666572114723258;0.25;0.026225506222954643;0;0;0;0;0.8333333333333333;1.0
27702.830555501532;0.2;0.2;0.1375;0.85;0.5;0.48655018730869354;0.6666455618500882;0.25;0.013092464121485247;0;0;0;0;0.85;0.5
27351.12787009443;0.2;0.2;0.1375;0.85;0.5555555555555556;0.490814017315305;0.6391287187961336;0.25;0.015617560087641988;0;0;0;0;0.85;0.5555555555555556
30043.25791592451;0.2;0.2;0.1375;0.85;0.6111111111111112;0.6;0.28563454328603655;0.23984057634390668;0.016275826930114874;0;0;0;0;0.85;0.6111111111111112
32154.434817655685;0.2;0.2;0.1375;0.85;0.6666666666666666;0.45165208601371676;0.3357607409653753;0.15194769937875874;0.014887470753461338;0;0;0;0;0.85;0.6666666666666666
25731.351303145915;0.2;0.2;0.1375;0.85;0.7222222222222222;0.45904044725109333;1.0;0.25;0.01854471450463901;0;0;0;0;0.85;0.7222222222222222
26642.435980462946;0.2;0.2;0.1375;0.85;0.7777777777777778;0.492422402243208;0.6666575845199031;0.25;0.021745489176103618;0;0;0;0;0.85;0.7777777777777778
28700.08204478079;0.2;0.2;0.1375;0.85;0.8333333333333333;0.55975314858226;0.3999216869415609;0.25;0.022809401114087538;0;0;0;0;0.85;0.8333333333333333
27551.9430470129;0.2;0.2;0.1375;0.85;0.8888888888888888;0.5563702968606588;0.39992745451956724;0.25;0.024168226886915188;0;0;0;0;0.85;0.8888888888888888
28252.327364589557;0.2;0.2;0.1375;0.85;0.9444444444444444;0.5620226111744203;0.39972404849137694;0.25;0.025952389678104967;0;0;0;0;0.85;0.9444444444444444
25656.232098699835;0.2;0.2;0.1375;0.85;1.0;0.49541045631419506;0.6661436308748531;0.25;0.026365057322684897;0;0;0;0;0.85;1.0
25526.730106556934;0.2;0.2;0.175;0.7;0.5;0.44904571845981056;1.0;0.25;0.01154386381581161;0;0;0;0;0.7;0.5
28707.528019904912;0.2;0.2;0.175;0.7;0.5555555555555556;0.5447619019022326;0.3999305241702759;0.24981588081899062;0.01361869102775125;0;0;0;0;0.7;0.5555555555555556
28068.11131749059;0.2;0.2;0.175;0.7;0.6111111111111112;0.5439917937836375;0.3999206689862463;0.25;0.01491133081686887;0;0;0;0;0.7;0.6111111111111112
25674.164951233815;0.2;0.2;0.175;0.7;0.6666666666666666;0.48066612291403277;0.6666391502837955;0.25;0.01558648026926219;0;0;0;0;0.7;0.6666666666666666
27407.09983986422;0.2;0.2;0.175;0.7;0.7222222222222222;0.5445129290210681;0.39989351172189885;0.25;0.01751693270900484;0;0;0;0;0.7;0.7222222222222222
28835.678653832518;0.2;0.2;0.175;0.7;0.7777777777777778;0.48062331482400755;0.39990210989992353;0.19875557381752107;0.01768882492541646;0;0;0;0;0.7;0.7777777777777778
25676.008965339763;0.2;0.2;0.175;0.7;0.8333333333333333;0.48556063248264864;0.6666297770026959;0.25;0.01979917201656398;0;0;0;0;0.7;0.8333333333333333
26424.062017545824;0.2;0.2;0.175;0.7;0.8888888888888888;0.5433498859976169;0.3999195864791025;0.2491028085409787;0.02058606565556421;0;0;0;0;0.7;0.8888888888888888
25001.694176637873;0.2;0.2;0.175;0.7;0.9444444444444444;0.4864671283725284;0.66661310538603;0.25;0.022397694169691524;0;0;0;0;0.7;0.9444444444444444
23998.669004539293;0.2;0.2;0.175;0.7;1.0;0.4842563917284704;0.6665550436876703;0.25;0.023346282131163885;0;0;0;0;0.7;1.0
25124.49145822481;0.2;0.2;0.175;0.7166666666666667;0.5;0.44875129797697644;1.0;0.25;0.011622265803208048;0;0;0;0;0.7166666666666667;0.5
28302.039064469795;0.2;0.2;0.175;0.7166666666666667;0.5555555555555556;0.544576254744291;0.3999577758176069;0.25;0.013764057239651385;0;0;0;0;0.7166666666666667;0.5555555555555556
27690.95833337822;0.2;0.2;0.175;0.7166666666666667;0.6111111111111112;0.5441310186861127;0.3983786905538842;0.25;0.014994573211784252;0;0;0;0;0.7166666666666667;0.6111111111111112
29800.077274554973;0.2;0.2;0.175;0.7166666666666667;0.6666666666666666;0.43394859712176626;0.3999363681699489;0.1642895330914658;0.013260248277018844;0;0;0;0;0.7166666666666667;0.6666666666666666
30115.372142324803;0.2;0.2;0.175;0.7166666666666667;0.7222222222222222;0.41510833696116184;0.3999137015489657;0.14902498039307369;0.013856228692001909;0;0;0;0;0.7166666666666667;0.7222222222222222
26954.906861922667;0.2;0.2;0.175;0.7166666666666667;0.7777777777777778;0.5456434746195267;0.3999874742216696;0.25;0.019001293836992176;0;0;0;0;0.7166666666666667;0.7777777777777778
27109.70891843275;0.2;0.2;0.175;0.7166666666666667;0.8333333333333333;0.5488956485075287;0.39992194828024513;0.25;0.02119872320810203;0;0;0;0;0.7166666666666667;0.8333333333333333
25665.687674991583;0.2;0.2;0.175;0.7166666666666667;0.8888888888888888;0.4885876748324542;0.6666057986563276;0.25;0.021628498048297768;0;0;0;0;0.7166666666666667;0.8888888888888888
24598.29066048762;0.2;0.2;0.175;0.7166666666666667;0.9444444444444444;0.4860730072295229;0.6665548413273036;0.25;0.022421988255779478;0;0;0;0;0.7166666666666667;0.9444444444444444
30050.452196247126;0.2;0.2;0.175;0.7166666666666667;1.0;0.6;0.22217380487133126;0.19948571425888936;0.022986250351420344;0;0;0;0;0.7166666666666667;1.0
26743.697834442966;0.2;0.2;0.175;0.7333333333333333;0.5;0.48189058827661674;0.6666402095005356;0.25;0.01211267873017803;0;0;0;0;0.7333333333333333;0.5
27954.643512683684;0.2;0.2;0.175;0.7333333333333333;0.5555555555555556;0.5441614170317801;0.3999765251602902;0.25;0.013792964669691144;0;0;0;0;0.7333333333333333;0.5555555555555556
33017.97017587395;0.2;0.2;0.175;0.7333333333333333;0.6111111111111112;0.45070461059252215;0.28564313180099465;0.13607425325625985;0.011752886479757278;0;0;0;0;0.7333333333333333;0.6111111111111112
29053.639143443375;0.2;0.2;0.175;0.7333333333333333;0.6666666666666666;0.5013471924370532;0.3999224486435716;0.21339789696919653;0.015433462592961106;0;0;0;0;0.7333333333333333;0.6666666666666666
30843.52152734657;0.2;0.2;0.175;0.7333333333333333;0.7222222222222222;0.42575910653207205;0.39990106666764275;0.1535557652033045;0.014396010748869282;0;0;0;0;0.7333333333333333;0.7222222222222222
26605.652912364283;0.2;0.2;0.175;0.7333333333333333;0.7777777777777778;0.5452795897775321;0.3999804833990695;0.25;0.01913433647524788;0;0;0;0;0.7333333333333333;0.7777777777777778
26748.538937139918;0.2;0.2;0.175;0.7333333333333333;0.8333333333333333;0.5474665370056999;0.39997500022150495;0.24974724526468065;0.020606444027374576;0;0;0;0;0.7333333333333333;0.8333333333333333
25315.755669720365;0.2;0.2;0.175;0.7333333333333333;0.8888888888888888;0.48818588234683163;0.666607452524752;0.25;0.021563968157778137;0;0;0;0;0.7333333333333333;0.8888888888888888
24247.1004168815;0.2;0.2;0.175;0.7333333333333333;0.9444444444444444;0.4857453562375357;0.6666258248587486;0.25;0.02254582499648648;0;0;0;0;0.7333333333333333;0.9444444444444444
29693.801919582733;0.2;0.2;0.175;0.7333333333333333;1.0;0.6;0.22214485977749426;0.20043242985232415;0.022852210921211837;0;0;0;0;0.7333333333333333;1.0
26448.299376023584;0.2;0.2;0.175;0.75;0.5;0.4816102855286674;0.6665057308442611;0.25;0.012222998341970718;0;0;0;0;0.75;0.5
34454.90310960774;0.2;0.2;0.175;0.75;0.5555555555555556;0.4832375023153772;0.22216408159513795;0.125039973102472;0.010661883746836711;0;0;0;0;0.75;0.5555555555555556
29678.884753642786;0.2;0.2;0.175;0.75;0.6111111111111112;0.6;0.2856268481318157;0.2416242640401662;0.01546975605624574;0;0;0;0;0.75;0.6111111111111112
25832.306000268123;0.2;0.2;0.175;0.75;0.6666666666666666;0.48443944581801324;0.6666059259411781;0.25;0.016383315118545887;0;0;0;0;0.75;0.6666666666666666
30499.191904477597;0.2;0.2;0.175;0.75;0.7222222222222222;0.42729300973911305;0.39996975819541275;0.1550316674070412;0.01478837062658173;0;0;0;0;0.75;0.7222222222222222
27665.09205234459;0.2;0.2;0.175;0.75;0.7777777777777778;0.5512929264344025;0.39997776622288506;0.25;0.019914464697451024;0;0;0;0;0.75;0.7777777777777778
26448.48535494779;0.2;0.2;0.175;0.75;0.8333333333333333;0.5475930800419743;0.3996627205732261;0.25;0.020809413474895136;0;0;0;0;0.75;0.8333333333333333
25016.547367769235;0.2;0.2;0.175;0.75;0.8888888888888888;0.4879027756472422;0.666638487173971;0.25;0.021784163808366196;0;0;0;0;0.75;0.8888888888888888
27313.56614790997;0.2;0.2;0.175;0.75;0.9444444444444444;0.5557930342957674;0.3999097733897494;0.25;0.02462325496372439;0;0;0;0;0.75;0.9444444444444444
29387.324221908795;0.2;0.2;0.175;0.75;1.0;0.6;0.22215342219178008;0.20081096457460626;0.022999522646607984;0;0;0;0;0.75;1.0
26201.2822380507;0.2;0.2;0.175;0.7666666666666666;0.5;0.48115735071917376;0.6666127147592827;0.25;0.012270622297116868;0;0;0;0;0.7666666666666666;0.5
34661.868652225516;0.2;0.2;0.175;0.7666666666666666;0.5555555555555556;0.4644797468428166;0.22219944663977356;0.11279796489153501;0.010536050240297896;0;0;0;0;0.7666666666666666;0.5555555555555556
29443.516236227933;0.2;0.2;0.175;0.7666666666666666;0.6111111111111112;0.599329243817257;0.2856246676450116;0.24145752889150954;0.0158685164271121;0;0;0;0;0.7666666666666666;0.6111111111111112
26418.40682086659;0.2;0.2;0.175;0.7666666666666666;0.6666666666666666;0.4531723304365211;0.6666652372050511;0.2232576986595427;0.015346922218662516;0;0;0;0;0.7666666666666666;0.6666666666666666
25518.748964485094;0.2;0.2;0.175;0.7666666666666666;0.7222222222222222;0.4846958108603685;0.6665777226483749;0.25;0.01715697657446702;0;0;0;0;0.7666666666666666;0.7222222222222222
27416.23443633558;0.2;0.2;0.175;0.7666666666666666;0.7777777777777778;0.5508946325649864;0.3998877207377652;0.25;0.019889710732821815;0;0;0;0;0.7666666666666666;0.7777777777777778
25913.42924034377;0.2;0.2;0.175;0.7666666666666666;0.8333333333333333;0.49003891645652864;0.6666199888986524;0.25;0.020929889542899583;0;0;0;0;0.7666666666666666;0.8333333333333333
24767.513276156234;0.2;0.2;0.175;0.7666666666666666;0.8888888888888888;0.48759034869946305;0.6666358669389176;0.25;0.02189607295943518;0;0;0;0;0.7666666666666666;0.8888888888888888
28505.017312282274;0.2;0.2;0.175;0.7666666666666666;0.9444444444444444;0.6;0.2856612958683358;0.23774715200748767;0.02373099301311932;0;0;0;0;0.7666666666666666;0.9444444444444444
36090.98954038158;0.2;0.2;0.175;0.7666666666666666;1.0;0.38786654250319585;0.35079947464920663;0.10556258934140939;0.026024683063499723;0;0;0;0;0.7666666666666666;1.0
27041.839340804934;0.2;0.2;0.175;0.7833333333333333;0.5;0.4836893312797891;0.6665896610582813;0.25;0.012590824810083558;0;0;0;0;0.7833333333333333;0.5
31773.449002389585;0.2;0.2;0.175;0.7833333333333333;0.5555555555555556;0.6;0.2221787259727507;0.20088313479607564;0.013263423024237546;0;0;0;0;0.7833333333333333;0.5555555555555556
25696.741895098006;0.2;0.2;0.175;0.7833333333333333;0.6111111111111112;0.4830486926014293;0.6665852681976454;0.25;0.015219649127346307;0;0;0;0;0.7833333333333333;0.6111111111111112
26694.138559252668;0.2;0.2;0.175;0.7833333333333333;0.6666666666666666;0.4884660651351831;0.6661166231335404;0.25;0.01687423289232878;0;0;0;0;0.7833333333333333;0.6666666666666666
25281.610609921518;0.2;0.2;0.175;0.7833333333333333;0.7222222222222222;0.4848230874281351;0.6666631698628057;0.25;0.017886370609181197;0;0;0;0;0.7833333333333333;0.7222222222222222
27215.728754741653;0.2;0.2;0.175;0.7833333333333333;0.7777777777777778;0.5501800281632928;0.3999982811536466;0.25;0.019894925918443718;0;0;0;0;0.7833333333333333;0.7777777777777778
25707.904684188812;0.2;0.2;0.175;0.7833333333333333;0.8333333333333333;0.4898205655775768;0.666591373447308;0.25;0.020929520530713574;0;0;0;0;0.7833333333333333;0.8333333333333333
24567.053697914664;0.2;0.2;0.175;0.7833333333333333;0.8888888888888888;0.4871831820695093;0.6666412694841787;0.25;0.021938022387308583;0;0;0;0;0.7833333333333333;0.8888888888888888
28420.497621737755;0.2;0.2;0.175;0.7833333333333333;0.9444444444444444;0.5930594361956527;0.28561571530632746;0.23353561931030303;0.023480585339230736;0;0;0;0;0.7833333333333333;0.9444444444444444
24165.873094939798;0.2;0.2;0.175;0.7833333333333333;1.0;0.48920736423548944;0.666584561441349;0.25;0.024923143011635365;0;0;0;0;0.7833333333333333;1.0
26873.676902529194;0.2;0.2;0.175;0.7999999999999999;0.5;0.48453301058418424;0.6635654791216982;0.25;0.012634227591491517;0;0;0;0;0.7999999999999999;0.5
29676.04978078594;0.2;0.2;0.175;0.7999999999999999;0.5555555555555556;0.6;0.28542044866404787;0.24184059401766886;0.014405874260067987;0;0;0;0;0.7999999999999999;0.5555555555555556
26755.852887828907;0.2;0.2;0.175;0.7999999999999999;0.6111111111111112;0.48716065330439867;0.6666204692057056;0.25;0.015563523267459953;0;0;0;0;0.7999999999999999;0.6111111111111112
31453.685069761028;0.2;0.2;0.175;0.7999999999999999;0.6666666666666666;0.42477263791528874;0.3999360511165005;0.15063999821674356;0.013820125041292758;0;0;0;0;0.7999999999999999;0.6666666666666666
26940.061880415513;0.2;0.2;0.175;0.7999999999999999;0.7222222222222222;0.4744908096143278;0.6666386526296201;0.2369971391102327;0.017718688359658397;0;0;0;0;0.7999999999999999;0.7222222222222222
27057.985198438524;0.2;0.2;0.175;0.7999999999999999;0.7777777777777778;0.5499328522491301;0.3998673842489641;0.25;0.020104561066908812;0;0;0;0;0.7999999999999999;0.7777777777777778
25932.387883191743;0.2;0.2;0.175;0.7999999999999999;0.8333333333333333;0.47500725890668755;0.6666579243184144;0.2373792044089607;0.020690995721958254;0;0;0;0;0.7999999999999999;0.8333333333333333
27775.035080447436;0.2;0.2;0.175;0.7999999999999999;0.8888888888888888;0.5575579867531298;0.3999410654336735;0.25;0.02350601660082564;0;0;0;0;0.7999999999999999;0.8888888888888888
26699.016577953178;0.2;0.2;0.175;0.7999999999999999;0.9444444444444444;0.5543595835275181;0.3997039210135489;0.25;0.02456453811694707;0;0;0;0;0.7999999999999999;0.9444444444444444
24042.259463248414;0.2;0.2;0.175;0.7999999999999999;1.0;0.4879825595645493;0.6666274406074424;0.24991900577396323;0.02467082717274386;0;0;0;0;0.7999999999999999;1.0
26740.422827538445;0.2;0.2;0.175;0.8166666666666667;0.5;0.48379577662628237;0.6666490678064851;0.25;0.012847314957785258;0;0;0;0;0.8166666666666667;0.5
34490.63221016341;0.2;0.2;0.175;0.8166666666666667;0.5555555555555556;0.49975413816715264;0.2222000645554997;0.13360776850199646;0.011364354346001235;0;0;0;0;0.8166666666666667;0.5555555555555556
26644.489406920307;0.2;0.2;0.175;0.8166666666666667;0.6111111111111112;0.4866496382838149;0.6665592923293553;0.25;0.01558685239665304;0;0;0;0;0.8166666666666667;0.6111111111111112
28311.62333782423;0.2;0.2;0.175;0.8166666666666667;0.6666666666666666;0.5520374188971289;0.3997265355587066;0.25;0.017607782321340155;0;0;0;0;0.8166666666666667;0.6666666666666666
26425.85537205619;0.2;0.2;0.175;0.8166666666666667;0.7222222222222222;0.4894608405118893;0.6666404154048957;0.25;0.018663718902971832;0;0;0;0;0.8166666666666667;0.7222222222222222
30017.072738090086;0.2;0.2;0.175;0.8166666666666667;0.7777777777777778;0.4658426245218154;0.48406622715843656;0.1966247566494847;0.018658474511533085;0;0;0;0;0.8166666666666667;0.7777777777777778
28508.49587310008;0.2;0.2;0.175;0.8166666666666667;0.8333333333333333;0.3872245083240746;0.6665718138498752;0.16112786460427064;0.017480702564016133;0;0;0;0;0.8166666666666667;0.8333333333333333
32054.25186775262;0.2;0.2;0.175;0.8166666666666667;0.8888888888888888;0.38477052437829456;0.3999320000464411;0.11680321090878053;0.017596635382269746;0;0;0;0;0.8166666666666667;0.8888888888888888
27998.728828067706;0.2;0.2;0.175;0.8166666666666667;0.9444444444444444;0.6;0.28561890551044306;0.23857493233841348;0.02437635943604087;0;0;0;0;0.8166666666666667;0.9444444444444444
25761.406879595765;0.2;0.2;0.175;0.8166666666666667;1.0;0.4958808652138565;0.6665696879979263;0.25;0.02592445703870751;0;0;0;0;0.8166666666666667;1.0
29866.1694471243;0.2;0.2;0.175;0.8333333333333333;0.5;0.5469541603322894;0.3999389647254603;0.2455786559819346;0.013400317430402231;0;0;0;0;0.8333333333333333;0.5
29007.407145090532;0.2;0.2;0.175;0.8333333333333333;0.5555555555555556;0.5510232594699663;0.39991881087729186;0.25;0.014800877098135157;0;0;0;0;0.8333333333333333;0.5555555555555556
31441.462604675904;0.2;0.2;0.175;0.8333333333333333;0.6111111111111112;0.4267196974088579;0.399918472535346;0.153450355223107;0.012850536529864622;0;0;0;0;0.8333333333333333;0.6111111111111112
29149.10487490596;0.2;0.2;0.175;0.8333333333333333;0.6666666666666666;0.5076030706856364;0.3999500559760396;0.21640980005006955;0.01634626938503344;0;0;0;0;0.8333333333333333;0.6666666666666666
26354.485237360183;0.2;0.2;0.175;0.8333333333333333;0.7222222222222222;0.48904760099752914;0.6666443935819084;0.25;0.01861158888296778;0;0;0;0;0.8333333333333333;0.7222222222222222
26586.25499833295;0.2;0.2;0.175;0.8333333333333333;0.7777777777777778;0.4916408874577572;0.6666395928280223;0.25;0.020234397856266847;0;0;0;0;0.8333333333333333;0.7777777777777778
25365.031791460242;0.2;0.2;0.175;0.8333333333333333;0.8333333333333333;0.4890847157618667;0.6665677428217922;0.25;0.021457837536019087;0;0;0;0;0.8333333333333333;0.8333333333333333
27587.081949252173;0.2;0.2;0.175;0.8333333333333333;0.8888888888888888;0.5566198720344132;0.3999004841179589;0.25;0.023733942816544673;0;0;0;0;0.8333333333333333;0.8888888888888888
29625.638081581234;0.2;0.2;0.175;0.8333333333333333;0.9444444444444444;0.6;0.22213872846569696;0.19980149042189277;0.0227339754706622;0;0;0;0;0.8333333333333333;0.9444444444444444
25689.192162048148;0.2;0.2;0.175;0.8333333333333333;1.0;0.4956023238895218;0.6666007647326453;0.25;0.02598388596771042;0;0;0;0;0.8333333333333333;1.0
29719.85122052436;0.2;0.2;0.175;0.85;0.5;0.5518775596767321;0.3999374568206554;0.25;0.0135968612057894;0;0;0;0;0.85;0.5
28973.47309726992;0.2;0.2;0.175;0.85;0.5555555555555556;0.5504998195894432;0.3998994924363518;0.25;0.01492103962732276;0;0;0;0;0.85;0.5555555555555556
28474.68773040048;0.2;0.2;0.175;0.85;0.6111111111111112;0.5501909431786401;0.3999149419350446;0.25;0.01645637793275156;0;0;0;0;0.85;0.6111111111111112
31169.13843100519;0.2;0.2;0.175;0.85;0.6666666666666666;0.4292861711513497;0.39998560653450366;0.15473544515156784;0.015119019189470187;0;0;0;0;0.85;0.6666666666666666
26323.41185345078;0.2;0.2;0.175;0.85;0.7222222222222222;0.4886011591185385;0.6666198924903121;0.25;0.01891272535889249;0;0;0;0;0.85;0.7222222222222222
26552.247472621446;0.2;0.2;0.175;0.85;0.7777777777777778;0.49138685837629215;0.6665590019054222;0.25;0.02041141222053294;0;0;0;0;0.85;0.7777777777777778
28700.62447749378;0.2;0.2;0.175;0.85;0.8333333333333333;0.5596278707309797;0.3999414519850773;0.25;0.022721527028555143;0;0;0;0;0.85;0.8333333333333333
27550.66430307039;0.2;0.2;0.175;0.85;0.8888888888888888;0.5561776435131189;0.39994868011476586;0.25;0.02391917458390366;0;0;0;0;0.85;0.8888888888888888
26707.935083873028;0.2;0.2;0.175;0.85;0.9444444444444444;0.4967373734568903;0.6666334448063603;0.2498903604920394;0.025363256938396046;0;0;0;0;0.85;0.9444444444444444
25670.741982251675;0.2;0.2;0.175;0.85;1.0;0.4947540869462609;0.666596348088332;0.25;0.0256819024104772;0;0;0;0;0.85;1.0
26388.907284843484;0.2;0.2;0.2125;0.7;0.5;0.45939002177114385;0.8532653442253062;0.25;0.010735471587736446;0;0;0;0;0.7;0.5
26660.48640931509;0.2;0.2;0.2125;0.7;0.5555555555555556;0.4812888923902402;0.6665396821140754;0.25;0.01315874612858228;0;0;0;0;0.7;0.5555555555555556
30673.693995062906;0.2;0.2;0.2125;0.7;0.6111111111111112;0.4328276125002098;0.39995677652295336;0.1629147188145155;0.012203701629995024;0;0;0;0;0.7;0.6111111111111112
29119.829611507055;0.2;0.2;0.2125;0.7;0.6666666666666666;0.5999027005736903;0.2856097772311915;0.2448414414705585;0.01634410751080423;0;0;0;0;0.7;0.6666666666666666
27406.612972843843;0.2;0.2;0.2125;0.7;0.7222222222222222;0.5443946715923612;0.3999668587261624;0.25;0.017571541385879658;0;0;0;0;0.7;0.7222222222222222
28114.549943119448;0.2;0.2;0.2125;0.7;0.7777777777777778;0.5095079348967753;0.3999377924084502;0.22175460755784462;0.017717250649573177;0;0;0;0;0.7;0.7777777777777778
25687.433540836515;0.2;0.2;0.2125;0.7;0.8333333333333333;0.4860593972045981;0.6666431798828031;0.25;0.020345161333725555;0;0;0;0;0.7;0.8333333333333333
29107.006784007855;0.2;0.2;0.2125;0.7;0.8888888888888888;0.4169957710866335;0.5026932888660707;0.16734639579517607;0.020054419323810347;0;0;0;0;0.7;0.8888888888888888
29900.892796851673;0.2;0.2;0.2125;0.7;0.9444444444444444;0.4169785555231422;0.3999488776845711;0.14756625180617194;0.018105718723420868;0;0;0;0;0.7;0.9444444444444444
24001.413244698597;0.2;0.2;0.2125;0.7;1.0;0.4839856273423537;0.6666581718115422;0.25;0.023330685216022228;0;0;0;0;0.7;1.0
25124.01551598075;0.2;0.2;0.2125;0.7166666666666667;0.5;0.4488554474380718;1.0;0.25;0.011629484240362803;0;0;0;0;0.7166666666666667;0.5
28303.617269197006;0.2;0.2;0.2125;0.7166666666666667;0.5555555555555556;0.544614779488441;0.39986777246364985;0.25;0.013686261868453195;0;0;0;0;0.7166666666666667;0.5555555555555556
30343.473930948952;0.2;0.2;0.2125;0.7166666666666667;0.6111111111111112;0.4314117508196896;0.39993254669494477;0.16185031364480432;0.012636227116149411;0;0;0;0;0.7166666666666667;0.6111111111111112
28908.42446147422;0.2;0.2;0.2125;0.7166666666666667;0.6666666666666666;0.588098568397017;0.28565527248909384;0.23701297697365356;0.01638689832291411;0;0;0;0;0.7166666666666667;0.6666666666666666
27005.238258071153;0.2;0.2;0.2125;0.7166666666666667;0.7222222222222222;0.5440577005551059;0.3999718369365242;0.25;0.017786169064501072;0;0;0;0;0.7166666666666667;0.7222222222222222
30948.013932584872;0.2;0.2;0.2125;0.7166666666666667;0.7777777777777778;0.3876981608307162;0.3998821694588034;0.12639178339870955;0.01404983884419533;0;0;0;0;0.7166666666666667;0.7777777777777778
25281.4307836235;0.2;0.2;0.2125;0.7166666666666667;0.8333333333333333;0.4851447119962292;0.6666242212001867;0.25;0.020098780481565843;0;0;0;0;0.7166666666666667;0.8333333333333333
28862.950939495793;0.2;0.2;0.2125;0.7166666666666667;0.8888888888888888;0.6;0.28564808216062976;0.23960678974335445;0.02197780667292718;0;0;0;0;0.7166666666666667;0.8888888888888888
24597.635713601598;0.2;0.2;0.2125;0.7166666666666667;0.9444444444444444;0.4862717158397726;0.6664923773877668;0.25;0.022537129249183014;0;0;0;0;0.7166666666666667;0.9444444444444444
25265.92623705968;0.2;0.2;0.2125;0.7166666666666667;1.0;0.4903300041514188;0.6665459351968194;0.25;0.024138409895305548;0;0;0;0;0.7166666666666667;1.0
26743.245422746775;0.2;0.2;0.2125;0.7333333333333333;0.5;0.4819578302401535;0.6666372040479268;0.25;0.01214552092707446;0;0;0;0;0.7333333333333333;0.5
25909.382357109058;0.2;0.2;0.2125;0.7333333333333333;0.5555555555555556;0.4805580946361963;0.6666280684298209;0.25;0.013347108497947768;0;0;0;0;0.7333333333333333;0.5555555555555556
29983.249113307123;0.2;0.2;0.2125;0.7333333333333333;0.6111111111111112;0.6;0.2856242681578423;0.24116716749724793;0.015368060846346685;0;0;0;0;0.7333333333333333;0.6111111111111112
25972.55697691664;0.2;0.2;0.2125;0.7333333333333333;0.6666666666666666;0.46181925860761625;0.9163513625149773;0.25;0.01769609559456894;0;0;0;0;0.7333333333333333;0.6666666666666666
26047.046579584952;0.2;0.2;0.2125;0.7333333333333333;0.7222222222222222;0.48528220472045863;0.6666131885442632;0.24936214864976403;0.017642931222289715;0;0;0;0;0.7333333333333333;0.7222222222222222
28830.127771123316;0.2;0.2;0.2125;0.7333333333333333;0.7777777777777778;0.44790324415274485;0.39990308203803804;0.17449043468644704;0.015948157568206174;0;0;0;0;0.7333333333333333;0.7777777777777778
25146.638718227652;0.2;0.2;0.2125;0.7333333333333333;0.8333333333333333;0.4865269892828406;0.6666506960370412;0.25;0.02204133464031229;0;0;0;0;0.7333333333333333;0.8333333333333333
29233.79430239586;0.2;0.2;0.2125;0.7333333333333333;0.8888888888888888;0.5667104934342585;0.28566158152970283;0.21577443779152825;0.022698196696299053;0;0;0;0;0.7333333333333333;0.8888888888888888
24246.194101166664;0.2;0.2;0.2125;0.7333333333333333;0.9444444444444444;0.48583861776137227;0.666606555842309;0.25;0.0226406071571553;0;0;0;0;0.7333333333333333;0.9444444444444444
24914.809546502096;0.2;0.2;0.2125;0.7333333333333333;1.0;0.49001546855924455;0.6666528718728202;0.25;0.024340940401375185;0;0;0;0;0.7333333333333333;1.0
26448.608551682693;0.2;0.2;0.2125;0.75;0.5;0.4815891595490096;0.666564335471948;0.25;0.01215156717135996;0;0;0;0;0.75;0.5
31268.00127207247;0.2;0.2;0.2125;0.75;0.5555555555555556;0.4387833646309114;0.39990050025694523;0.1641630506811973;0.011896352626851733;0;0;0;0;0.75;0.5555555555555556
29688.263894314383;0.2;0.2;0.2125;0.75;0.6111111111111112;0.6;0.2856401807405191;0.24172954618286255;0.01573884286892932;0;0;0;0;0.75;0.6111111111111112
27766.204185054918;0.2;0.2;0.2125;0.75;0.6666666666666666;0.5479221381380295;0.3999040531776884;0.25;0.01679136698404205;0;0;0;0;0.75;0.6666666666666666
30780.086208437406;0.2;0.2;0.2125;0.75;0.7222222222222222;0.5686051602850491;0.2956382662572297;0.21863903012463082;0.02006925348510913;0;0;0;0;0.75;0.7222222222222222
25837.52760105084;0.2;0.2;0.2125;0.75;0.7777777777777778;0.4877258327941523;0.6665664334264553;0.25;0.01917617948357518;0;0;0;0;0.75;0.7777777777777778
24624.158014377583;0.2;0.2;0.2125;0.75;0.8333333333333333;0.48477780494763517;0.6664857940589369;0.25;0.020093179110738633;0;0;0;0;0.75;0.8333333333333333
28200.81355340633;0.2;0.2;0.2125;0.75;0.8888888888888888;0.6;0.2856387825052539;0.2402350299946238;0.022244403471859513;0;0;0;0;0.75;0.8888888888888888
27336.904216607145;0.2;0.2;0.2125;0.75;0.9444444444444444;0.5561713967277223;0.3999292463805642;0.25;0.02507501437989646;0;0;0;0;0.75;0.9444444444444444
24619.2949273756;0.2;0.2;0.2125;0.75;1.0;0.4899382159010031;0.6660352959923665;0.25;0.02453701296015621;0;0;0;0;0.75;1.0
30758.618126561316;0.2;0.2;0.2125;0.7666666666666666;0.5;0.43904427631066506;0.3999092310500681;0.1666152872237226;0.010433749791301785;0;0;0;0;0.7666666666666666;0.5
31160.04196861063;0.2;0.2;0.2125;0.7666666666666666;0.5555555555555556;0.4327635771158937;0.399989238303006;0.1596902743383709;0.011506149723088693;0;0;0;0;0.7666666666666666;0.5555555555555556
29422.158886189376;0.2;0.2;0.2125;0.7666666666666666;0.6111111111111112;0.6;0.2856530835625423;0.24197645529499726;0.015615051320685858;0;0;0;0;0.7666666666666666;0.6111111111111112
27840.067450145936;0.2;0.2;0.2125;0.7666666666666666;0.6666666666666666;0.5314746214931871;0.39991818311288374;0.23765880245818655;0.016421690454801123;0;0;0;0;0.7666666666666666;0.6666666666666666
25483.01655570537;0.2;0.2;0.2125;0.7666666666666666;0.7222222222222222;0.48527938777654905;0.6665754990414052;0.25;0.017762410901002553;0;0;0;0;0.7666666666666666;0.7222222222222222
25607.84687754807;0.2;0.2;0.2125;0.7666666666666666;0.7777777777777778;0.4864840046255932;0.6665883634521335;0.2494841751772005;0.01912542873993243;0;0;0;0;0.7666666666666666;0.7777777777777778
27668.48557335749;0.2;0.2;0.2125;0.7666666666666666;0.8333333333333333;0.553992093221752;0.399970334832746;0.25;0.02153896646542796;0;0;0;0;0.7666666666666666;0.8333333333333333
27944.655900016125;0.2;0.2;0.2125;0.7666666666666666;0.8888888888888888;0.6;0.2856235185148478;0.24062848522518643;0.02234355884288674;0;0;0;0;0.7666666666666666;0.8888888888888888
27055.086526164978;0.2;0.2;0.2125;0.7666666666666666;0.9444444444444444;0.5551640969044146;0.39993077242470265;0.25;0.02425547630242463;0;0;0;0;0.7666666666666666;0.9444444444444444
24364.78318533943;0.2;0.2;0.2125;0.7666666666666666;1.0;0.4896097077712693;0.6666236379325672;0.25;0.02467486376006374;0;0;0;0;0.7666666666666666;1.0
27005.56549716956;0.2;0.2;0.2125;0.7833333333333333;0.5;0.48440760771425784;0.6666363361427438;0.25;0.012521971153453217;0;0;0;0;0.7833333333333333;0.5
28253.142237041513;0.2;0.2;0.2125;0.7833333333333333;0.5555555555555556;0.5470903174041906;0.399956827144624;0.2497383675691904;0.014244520059141366;0;0;0;0;0.7833333333333333;0.5555555555555556
30303.551945762436;0.2;0.2;0.2125;0.7833333333333333;0.6111111111111112;0.5386305735847917;0.28562844865044806;0.19948323148784816;0.014189025758053392;0;0;0;0;0.7833333333333333;0.6111111111111112
28965.88022494753;0.2;0.2;0.2125;0.7833333333333333;0.6666666666666666;0.40998937603474367;0.6666624358268255;0.18169066005313342;0.01442276782868456;0;0;0;0;0.7833333333333333;0.6666666666666666
25282.202929599458;0.2;0.2;0.2125;0.7833333333333333;0.7222222222222222;0.4848188304306908;0.6666039767202193;0.25;0.01787930158645155;0;0;0;0;0.7833333333333333;0.7222222222222222
25388.87473649279;0.2;0.2;0.2125;0.7833333333333333;0.7777777777777778;0.4869333811211954;0.6666607250897887;0.25;0.019269324520452904;0;0;0;0;0.7833333333333333;0.7777777777777778
27466.7696685133;0.2;0.2;0.2125;0.7833333333333333;0.8333333333333333;0.553655766872486;0.39992747662204226;0.25;0.021542845193356547;0;0;0;0;0.7833333333333333;0.8333333333333333
27734.17044847712;0.2;0.2;0.2125;0.7833333333333333;0.8888888888888888;0.6;0.28561705827540756;0.24093274985780533;0.022568537368965972;0;0;0;0;0.7833333333333333;0.8888888888888888
25177.028101610536;0.2;0.2;0.2125;0.7833333333333333;0.9444444444444444;0.49134694108653976;0.6666436425227364;0.25;0.023715719646740796;0;0;0;0;0.7833333333333333;0.9444444444444444
28840.843344791818;0.2;0.2;0.2125;0.7833333333333333;1.0;0.4240964827347509;0.39994296372227534;0.15187870734317346;0.01997070043346561;0;0;0;0;0.7833333333333333;1.0
28902.564686970367;0.2;0.2;0.2125;0.7999999999999999;0.5;0.5487505846501596;0.39992730871712423;0.25;0.013028128644991735;0;0;0;0;0.7999999999999999;0.5
30767.089118847478;0.2;0.2;0.2125;0.7999999999999999;0.5555555555555556;0.4331602258728335;0.3999103255368764;0.16086533293841965;0.011672742220602127;0;0;0;0;0.7999999999999999;0.5555555555555556
27613.620460889237;0.2;0.2;0.2125;0.7999999999999999;0.6111111111111112;0.458144165931857;0.666634500222979;0.22552957474766885;0.013877346890690563;0;0;0;0;0.7999999999999999;0.6111111111111112
26535.393319906172;0.2;0.2;0.2125;0.7999999999999999;0.6666666666666666;0.48787604788118416;0.6666453415558865;0.25;0.016930732500333452;0;0;0;0;0.7999999999999999;0.6666666666666666
32021.141323950127;0.2;0.2;0.2125;0.7999999999999999;0.7222222222222222;0.4051172294223588;0.399949500698266;0.13447418261821467;0.014503192150395491;0;0;0;0;0.7999999999999999;0.7222222222222222
25237.15537847479;0.2;0.2;0.2125;0.7999999999999999;0.7777777777777778;0.4863478092459703;0.6666033543809102;0.25;0.019314989092956886;0;0;0;0;0.7999999999999999;0.7777777777777778
28788.07416612588;0.2;0.2;0.2125;0.7999999999999999;0.8333333333333333;0.6;0.2855408966047798;0.2381717866418083;0.021490565513547638;0;0;0;0;0.7999999999999999;0.8333333333333333
26121.686195328864;0.2;0.2;0.2125;0.7999999999999999;0.8888888888888888;0.4928109563664521;0.6665835952865162;0.25;0.02277863374350638;0;0;0;0;0.7999999999999999;0.8888888888888888
26695.329340705102;0.2;0.2;0.2125;0.7999999999999999;0.9444444444444444;0.5541675581944832;0.3999775492876613;0.25;0.024496299634604236;0;0;0;0;0.7999999999999999;0.9444444444444444
25677.831310366524;0.2;0.2;0.2125;0.7999999999999999;1.0;0.5513005322738523;0.3999409627428378;0.25;0.02570904186613902;0;0;0;0;0.7999999999999999;1.0
26742.226263077984;0.2;0.2;0.2125;0.8166666666666667;0.5;0.4836930921148987;0.6661679437267773;0.25;0.012691452221237423;0;0;0;0;0.8166666666666667;0.5
29078.84214908605;0.2;0.2;0.2125;0.8166666666666667;0.5555555555555556;0.5515338482454575;0.3999805687462756;0.25;0.014735055706531615;0;0;0;0;0.8166666666666667;0.5555555555555556
26658.74444362714;0.2;0.2;0.2125;0.8166666666666667;0.6111111111111112;0.4869916461158608;0.6666016876919145;0.25;0.01606724567786735;0;0;0;0;0.8166666666666667;0.6111111111111112
27163.987366177924;0.2;0.2;0.2125;0.8166666666666667;0.6666666666666666;0.47301297974854517;0.6665822927299719;0.2361039336255042;0.018531256155675566;0;0;0;0;0.8166666666666667;0.6666666666666666
31868.849371272914;0.2;0.2;0.2125;0.8166666666666667;0.7222222222222222;0.4058708882065653;0.39995501478769935;0.1353261593985089;0.014571936264736;0;0;0;0;0.8166666666666667;0.7222222222222222
29960.75133702495;0.2;0.2;0.2125;0.8166666666666667;0.7777777777777778;0.6;0.28569373647213864;0.23528383354909785;0.020421858929279956;0;0;0;0;0.8166666666666667;0.7777777777777778
25439.09464895657;0.2;0.2;0.2125;0.8166666666666667;0.8333333333333333;0.489080127952374;0.6666215087411328;0.25;0.021131028935166867;0;0;0;0;0.8166666666666667;0.8333333333333333
30044.608164950245;0.2;0.2;0.2125;0.8166666666666667;0.8888888888888888;0.45131791805312377;0.3999719335810372;0.1687851579997818;0.01954468991734193;0;0;0;0;0.8166666666666667;0.8888888888888888
24943.678384760766;0.2;0.2;0.2125;0.8166666666666667;0.9444444444444444;0.48955945386287825;0.6666294020724585;0.24969763112264573;0.023442643243792825;0;0;0;0;0.8166666666666667;0.9444444444444444
27337.167125598564;0.2;0.2;0.2125;0.8166666666666667;1.0;0.5599960848518636;0.3999505422450909;0.25;0.02681659008316388;0;0;0;0;0.8166666666666667;1.0
32366.22972598389;0.2;0.2;0.2125;0.8333333333333333;0.5;0.4398083598933232;0.3999225124621415;0.16221812533739077;0.010911621395114512;0;0;0;0;0.8333333333333333;0.5
32554.145040006937;0.2;0.2;0.2125;0.8333333333333333;0.5555555555555556;0.6;0.22215951107507448;0.1978382431083404;0.013863614929732811;0;0;0;0;0.8333333333333333;0.5555555555555556
25808.977362502;0.2;0.2;0.2125;0.8333333333333333;0.6111111111111112;0.4562434007429498;1.0;0.25;0.015516455533119242;0;0;0;0;0.8333333333333333;0.6111111111111112
26353.06300875711;0.2;0.2;0.2125;0.8333333333333333;0.6666666666666666;0.4871960695320848;0.66661228027371;0.25;0.017310966277619633;0;0;0;0;0.8333333333333333;0.6666666666666666
28181.198707901993;0.2;0.2;0.2125;0.8333333333333333;0.7222222222222222;0.5532856804328569;0.399948822255745;0.25;0.01930217992620337;0;0;0;0;0.8333333333333333;0.7222222222222222
29878.65067584829;0.2;0.2;0.2125;0.8333333333333333;0.7777777777777778;0.6;0.2856518135859134;0.23580682436004058;0.020488889501859914;0;0;0;0;0.8333333333333333;0.7777777777777778
28577.621904773947;0.2;0.2;0.2125;0.8333333333333333;0.8333333333333333;0.6;0.2856810065851732;0.23884098350862373;0.02189692817829181;0;0;0;0;0.8333333333333333;0.8333333333333333
25932.530024022457;0.2;0.2;0.2125;0.8333333333333333;0.8888888888888888;0.4918980109765053;0.6666310378882588;0.24926499943108463;0.02297548757701466;0;0;0;0;0.8333333333333333;0.8888888888888888
24879.582331365706;0.2;0.2;0.2125;0.8333333333333333;0.9444444444444444;0.48929077129963366;0.666644751131508;0.24993810687965176;0.023660836653823;0;0;0;0;0.8333333333333333;0.9444444444444444
27273.064430856535;0.2;0.2;0.2125;0.8333333333333333;1.0;0.5586313293209133;0.3999695234375526;0.249985390301061;0.026441284959747163;0;0;0;0;0.8333333333333333;1.0
27702.609917287227;0.2;0.2;0.2125;0.85;0.5;0.48657055861443854;0.6666397422118867;0.25;0.013112084447280063;0;0;0;0;0.85;0.5
32503.635133184154;0.2;0.2;0.2125;0.85;0.5555555555555556;0.6;0.2221677841998769;0.19835047205372905;0.013896445187277263;0;0;0;0;0.85;0.5555555555555556
25777.56065427973;0.2;0.2;0.2125;0.85;0.6111111111111112;0.45592123471151264;1.0;0.25;0.015605548545835072;0;0;0;0;0.85;0.6111111111111112
28821.328631616758;0.2;0.2;0.2125;0.85;0.6666666666666666;0.40191862656449223;0.6665756637360256;0.17602983713742965;0.01475344667072626;0;0;0;0;0.85;0.6666666666666666
26321.66351112988;0.2;0.2;0.2125;0.85;0.7222222222222222;0.4886573559450529;0.6665370385691576;0.25;0.018907704484586164;0;0;0;0;0.85;0.7222222222222222
29832.496415268626;0.2;0.2;0.2125;0.85;0.7777777777777778;0.6;0.2856534425114263;0.2361544110598705;0.020753277725637946;0;0;0;0;0.85;0.7777777777777778
27024.376707792348;0.2;0.2;0.2125;0.85;0.8333333333333333;0.49507223658322813;0.6663765780509716;0.25;0.02213570659351852;0;0;0;0;0.85;0.8333333333333333
25883.724377820432;0.2;0.2;0.2125;0.85;0.8888888888888888;0.4923320550278703;0.6665864919467207;0.24977936582585752;0.02347427631603776;0;0;0;0;0.85;0.8888888888888888
26684.481361448292;0.2;0.2;0.2125;0.85;0.9444444444444444;0.4975783300353579;0.6651626462570893;0.25;0.025159341331879262;0;0;0;0;0.85;0.9444444444444444
27227.396341228818;0.2;0.2;0.2125;0.85;1.0;0.5587217926070916;0.39995993143310316;0.25;0.026985581454509442;0;0;0;0;0.85;1.0
26549.102411179912;0.2;0.2;0.25;0.7;0.5;0.4792465516234937;0.6664254670047828;0.25;0.01178439935752151;0;0;0;0;0.7;0.5
26660.617199135853;0.2;0.2;0.25;0.7;0.5555555555555556;0.4811737662444095;0.6665939515229938;0.25;0.01313817997806209;0;0;0;0;0.7;0.5555555555555556
28068.039290805995;0.2;0.2;0.25;0.7;0.6111111111111112;0.5439641880872477;0.39993067578698815;0.25;0.01490622547147022;0;0;0;0;0.7;0.6111111111111112
25676.103739465598;0.2;0.2;0.25;0.7;0.6666666666666666;0.4805908686046298;0.6665976938391416;0.25;0.015586688126323061;0;0;0;0;0.7;0.6666666666666666
25482.307943909887;0.2;0.2;0.25;0.7;0.7222222222222222;0.4816629190898672;0.6665542959054592;0.25;0.016932050032828442;0;0;0;0;0.7;0.7222222222222222
25482.291703607734;0.2;0.2;0.25;0.7;0.7777777777777778;0.48327029639790353;0.6666059572823317;0.25;0.018317609982773556;0;0;0;0;0.7;0.7777777777777778
25676.304881740572;0.2;0.2;0.25;0.7;0.8333333333333333;0.48574139085370943;0.6664559470281154;0.25;0.019803933586944145;0;0;0;0;0.7;0.8333333333333333
24558.61173581379;0.2;0.2;0.25;0.7;0.8888888888888888;0.48242523923894925;0.6665875967779851;0.24987048688410318;0.020624483245038315;0;0;0;0;0.7;0.8888888888888888
30417.603203391518;0.2;0.2;0.25;0.7;0.9444444444444444;0.48085419715746075;0.2856661486426908;0.15880395610572587;0.018782325008853164;0;0;0;0;0.7;0.9444444444444444
26105.167906975268;0.2;0.2;0.25;0.7;1.0;0.5466012861455034;0.39824232079170285;0.24837433981415766;0.026739908033626258;0;0;0;0;0.7;1.0
28246.643332132604;0.2;0.2;0.25;0.7166666666666667;0.5;0.5425796932095152;0.39986507096132656;0.25;0.012302804942170594;0;0;0;0;0.7166666666666667;0.5
26570.99113664058;0.2;0.2;0.25;0.7166666666666667;0.5555555555555556;0.4708305504151147;0.6666138018242103;0.24086027001308516;0.013538919297859196;0;0;0;0;0.7166666666666667;0.5555555555555556
27667.215958779645;0.2;0.2;0.25;0.7166666666666667;0.6111111111111112;0.5434176761012649;0.3999638290576154;0.25;0.014980428707512277;0;0;0;0;0.7166666666666667;0.6111111111111112
27238.514695244554;0.2;0.2;0.25;0.7166666666666667;0.6666666666666666;0.5433505645853283;0.39998868194914317;0.25;0.016370413535751235;0;0;0;0;0.7166666666666667;0.6666666666666666
24324.04610726387;0.2;0.2;0.25;0.7166666666666667;0.7222222222222222;0.4521695445646891;1.0;0.25;0.01681722820446766;0;0;0;0;0.7166666666666667;0.7222222222222222
25078.61678844652;0.2;0.2;0.25;0.7166666666666667;0.7777777777777778;0.4829261411964267;0.6666516573250858;0.25;0.018388321105055786;0;0;0;0;0.7166666666666667;0.7777777777777778
27093.290293594542;0.2;0.2;0.25;0.7166666666666667;0.8333333333333333;0.5482808855870621;0.3999313910705566;0.25;0.02073791938481583;0;0;0;0;0.7166666666666667;0.8333333333333333
28862.491366095364;0.2;0.2;0.25;0.7166666666666667;0.8888888888888888;0.6;0.2856526465432446;0.23949481466576672;0.021960399149955023;0;0;0;0;0.7166666666666667;0.8888888888888888
28561.31284117219;0.2;0.2;0.25;0.7166666666666667;0.9444444444444444;0.5520034887128572;0.28564005398049735;0.20898777898646764;0.021821987581748498;0;0;0;0;0.7166666666666667;0.9444444444444444
26934.97094447016;0.2;0.2;0.25;0.7166666666666667;1.0;0.5533030771387308;0.3999956056593622;0.25;0.024921541566853764;0;0;0;0;0.7166666666666667;1.0
32983.55767728191;0.2;0.2;0.25;0.7333333333333333;0.5;0.566188562361793;0.22219430129234763;0.17959456292145617;0.011062216549306178;0;0;0;0;0.7333333333333333;0.5
25910.230549053693;0.2;0.2;0.25;0.7333333333333333;0.5555555555555556;0.48048054504585896;0.6666412409426911;0.25;0.013372776364265345;0;0;0;0;0.7333333333333333;0.5555555555555556
30326.29908672144;0.2;0.2;0.25;0.7333333333333333;0.6111111111111112;0.584392530327596;0.28570861618040566;0.229403484933301;0.015817454783640435;0;0;0;0;0.7333333333333333;0.6111111111111112
28062.26063880342;0.2;0.2;0.25;0.7333333333333333;0.6666666666666666;0.5482832074803721;0.399977350190364;0.25;0.016663456581755814;0;0;0;0;0.7333333333333333;0.6666666666666666
26028.900120937724;0.2;0.2;0.25;0.7333333333333333;0.7222222222222222;0.48582158807305026;0.6665897744783235;0.25;0.01754733721884587;0;0;0;0;0.7333333333333333;0.7222222222222222
24730.37434601094;0.2;0.2;0.25;0.7333333333333333;0.7777777777777778;0.48274499754494626;0.6666532674292475;0.25;0.018769985051973043;0;0;0;0;0.7333333333333333;0.7777777777777778
24921.633409313956;0.2;0.2;0.25;0.7333333333333333;0.8333333333333333;0.4850327675262216;0.6665669282934702;0.25;0.01999960039718216;0;0;0;0;0.7333333333333333;0.8333333333333333
30592.40374231714;0.2;0.2;0.25;0.7333333333333333;0.8888888888888888;0.4916014228061751;0.2857138433218398;0.1637812123503736;0.01906395323676293;0;0;0;0;0.7333333333333333;0.8888888888888888
30948.794026271265;0.2;0.2;0.25;0.7333333333333333;0.9444444444444444;0.4802971651055318;0.25891462377167346;0.1441550651106763;0.02031514058221807;0;0;0;0;0.7333333333333333;0.9444444444444444
26586.07050952179;0.2;0.2;0.25;0.7333333333333333;1.0;0.5529264703262609;0.39987848028826667;0.25;0.02501256444973635;0;0;0;0;0.7333333333333333;1.0
32117.16558814327;0.2;0.2;0.25;0.75;0.5;0.6;0.22214616288544295;0.20175669510039007;0.011701518751247947;0;0;0;0;0.75;0.5
28694.10652638691;0.2;0.2;0.25;0.75;0.5555555555555556;0.5484119082600228;0.3998887242400439;0.25;0.014101574639322035;0;0;0;0;0.75;0.5555555555555556
30297.58193227059;0.2;0.2;0.25;0.75;0.6111111111111112;0.5683923302181528;0.2856661584105458;0.21916702248510245;0.015570930797719939;0;0;0;0;0.75;0.6111111111111112
27767.04027331177;0.2;0.2;0.25;0.75;0.6666666666666666;0.547985369069781;0.3998267791593929;0.25;0.016833016659155403;0;0;0;0;0.75;0.6666666666666666
25730.806107882756;0.2;0.2;0.25;0.75;0.7222222222222222;0.4856318364158928;0.6665754367365596;0.25;0.017694627289039536;0;0;0;0;0.75;0.7222222222222222
31203.323494974687;0.2;0.2;0.25;0.75;0.7777777777777778;0.40638616353606666;0.39993870182498503;0.1375896179814126;0.015064809896201821;0;0;0;0;0.75;0.7777777777777778
24624.049004094002;0.2;0.2;0.25;0.75;0.8333333333333333;0.484805561831136;0.6663975411077049;0.25;0.020193052971166005;0;0;0;0;0.75;0.8333333333333333
30652.041572226415;0.2;0.2;0.25;0.75;0.8888888888888888;0.47485267643519724;0.2856533765771851;0.15272202853151473;0.018404954466007845;0;0;0;0;0.75;0.8888888888888888
27303.651922050944;0.2;0.2;0.25;0.75;0.9444444444444444;0.5555587859436275;0.3999677584818634;0.25;0.024197751474064673;0;0;0;0;0.75;0.9444444444444444
24631.99197832455;0.2;0.2;0.25;0.75;1.0;0.489074561740294;0.6666373306974577;0.24946581802654422;0.024361721879353176;0;0;0;0;0.75;1.0
32440.49510662613;0.2;0.2;0.25;0.7666666666666666;0.5;0.5655144011667042;0.22214044953674064;0.1799365336534944;0.011207010765635054;0;0;0;0;0.7666666666666666;0.5
26430.714944704152;0.2;0.2;0.25;0.7666666666666666;0.5555555555555556;0.48367787845211346;0.6665167261334066;0.25;0.013697064296305373;0;0;0;0;0.7666666666666666;0.5555555555555556
29424.794246325535;0.2;0.2;0.25;0.7666666666666666;0.6111111111111112;0.6;0.2856794841845936;0.24193006409194162;0.01577621456049685;0;0;0;0;0.7666666666666666;0.6111111111111112
27519.5524203843;0.2;0.2;0.25;0.7666666666666666;0.6666666666666666;0.5476284374568525;0.39982070149018256;0.25;0.016925574392308632;0;0;0;0;0.7666666666666666;0.6666666666666666
25482.72639019732;0.2;0.2;0.25;0.7666666666666666;0.7222222222222222;0.48523246791697494;0.6666385822250785;0.25;0.017740429822403474;0;0;0;0;0.7666666666666666;0.7222222222222222
27424.285687816795;0.2;0.2;0.25;0.7666666666666666;0.7777777777777778;0.5504108675202075;0.3999209769310485;0.25;0.01968132876584056;0;0;0;0;0.7666666666666666;0.7777777777777778
31561.650786728005;0.2;0.2;0.25;0.7666666666666666;0.8333333333333333;0.47703237859856357;0.2856686524471088;0.15178413915445438;0.01723745783654397;0;0;0;0;0.7666666666666666;0.8333333333333333
30409.46557033517;0.2;0.2;0.25;0.7666666666666666;0.8888888888888888;0.47426288285593493;0.2856902141542627;0.15247157802823327;0.018530681711270352;0;0;0;0;0.7666666666666666;0.8888888888888888
27054.834288133272;0.2;0.2;0.25;0.7666666666666666;0.9444444444444444;0.5550595085713987;0.3999800218197688;0.25;0.024335590909205097;0;0;0;0;0.7666666666666666;0.9444444444444444
24366.96077804833;0.2;0.2;0.25;0.7666666666666666;1.0;0.48950856859388764;0.6666230722612626;0.24995592653843227;0.024573626684094484;0;0;0;0;0.7666666666666666;1.0
26062.516095731342;0.2;0.2;0.25;0.7833333333333333;0.5;0.45372592981067916;1.0;0.25;0.012306468713663015;0;0;0;0;0.7833333333333333;0.5
28245.77234982412;0.2;0.2;0.25;0.7833333333333333;0.5555555555555556;0.5474863190735629;0.3999602123901679;0.25;0.01430731434628883;0;0;0;0;0.7833333333333333;0.5555555555555556
30033.301014536995;0.2;0.2;0.25;0.7833333333333333;0.6111111111111112;0.5528711909821744;0.2856439267468558;0.2093226681415694;0.01458091943379756;0;0;0;0;0.7833333333333333;0.6111111111111112
26691.87602714999;0.2;0.2;0.25;0.7833333333333333;0.6666666666666666;0.4883204570098846;0.6665217390097438;0.25;0.01680398603944987;0;0;0;0;0.7833333333333333;0.6666666666666666
25932.271430046192;0.2;0.2;0.25;0.7833333333333333;0.7222222222222222;0.4752673229229279;0.6665933704634108;0.2408163745764779;0.019679399775330984;0;0;0;0;0.7833333333333333;0.7222222222222222
27818.32147175658;0.2;0.2;0.25;0.7833333333333333;0.7777777777777778;0.5207967622309989;0.39991080505645404;0.2272121562702166;0.01893178661298553;0;0;0;0;0.7833333333333333;0.7777777777777778
31334.111803442298;0.2;0.2;0.25;0.7833333333333333;0.8333333333333333;0.4776866235151246;0.2856540330824307;0.15270805429644904;0.017353096681907532;0;0;0;0;0.7833333333333333;0.8333333333333333
27734.170196426734;0.2;0.2;0.25;0.7833333333333333;0.8888888888888888;0.6;0.2856179477553462;0.24094985017568138;0.022548688973163894;0;0;0;0;0.7833333333333333;0.8888888888888888
25176.838936577424;0.2;0.2;0.25;0.7833333333333333;0.9444444444444444;0.49156174125435936;0.6666014080930694;0.25;0.023789201717315703;0;0;0;0;0.7833333333333333;0.9444444444444444
24163.21971955152;0.2;0.2;0.25;0.7833333333333333;1.0;0.48942341297482805;0.6665669771678211;0.25;0.02487420781290353;0;0;0;0;0.7833333333333333;1.0
28902.94446232055;0.2;0.2;0.25;0.7999999999999999;0.5;0.5487659216507874;0.3998993971779661;0.25;0.013030037549628339;0;0;0;0;0.7999999999999999;0.5
26075.232884793815;0.2;0.2;0.25;0.7999999999999999;0.5555555555555556;0.4830746376485199;0.6665916581546871;0.25;0.013977188254821566;0;0;0;0;0.7999999999999999;0.5555555555555556
26760.315126726782;0.2;0.2;0.25;0.7999999999999999;0.6111111111111112;0.48714918277869873;0.6660474349318474;0.25;0.015547470764298004;0;0;0;0;0.7999999999999999;0.6111111111111112
26535.666109277026;0.2;0.2;0.25;0.7999999999999999;0.6666666666666666;0.48788340409808206;0.666612779258025;0.25;0.01691736501782881;0;0;0;0;0.7999999999999999;0.6666666666666666
28369.427865686244;0.2;0.2;0.25;0.7999999999999999;0.7222222222222222;0.5542195268994803;0.3999160943847515;0.25;0.019036631204144425;0;0;0;0;0.7999999999999999;0.7222222222222222
27058.167542002964;0.2;0.2;0.25;0.7999999999999999;0.7777777777777778;0.5500342372517837;0.3998842915830607;0.25;0.020137930735834957;0;0;0;0;0.7999999999999999;0.7777777777777778
28785.525569754784;0.2;0.2;0.25;0.7999999999999999;0.8333333333333333;0.6;0.28561141572473725;0.23824748739042548;0.021458431222167642;0;0;0;0;0.7999999999999999;0.8333333333333333
27774.670876888344;0.2;0.2;0.25;0.7999999999999999;0.8888888888888888;0.5575516866440842;0.3999733770147443;0.25;0.023469961932001966;0;0;0;0;0.7999999999999999;0.8888888888888888
26695.109922797765;0.2;0.2;0.25;0.7999999999999999;0.9444444444444444;0.5542791415124005;0.3999339765879819;0.25;0.02458775626669656;0;0;0;0;0.7999999999999999;0.9444444444444444
27608.53382634166;0.2;0.2;0.25;0.7999999999999999;1.0;0.4772706960687361;0.468776070166512;0.20808590038886945;0.0206078275999537;0;0;0;0;0.7999999999999999;1.0
26337.559525517874;0.2;0.2;0.25;0.8166666666666667;0.5;0.458997983708308;0.9265240024870679;0.25;0.013791424542964167;0;0;0;0;0.8166666666666667;0.5
30732.745157399062;0.2;0.2;0.25;0.8166666666666667;0.5555555555555556;0.6;0.28511892930856403;0.2379135143787631;0.014624246253037206;0;0;0;0;0.8166666666666667;0.5555555555555556
26644.669509777425;0.2;0.2;0.25;0.8166666666666667;0.6111111111111112;0.4866638928030367;0.6665163931481507;0.25;0.015594772465040894;0;0;0;0;0.8166666666666667;0.6111111111111112
26422.255779419014;0.2;0.2;0.25;0.8166666666666667;0.6666666666666666;0.48755590791944814;0.6666213677427248;0.25;0.017029933599187603;0;0;0;0;0.8166666666666667;0.6666666666666666
28256.506790350286;0.2;0.2;0.25;0.8166666666666667;0.7222222222222222;0.553753214206541;0.39986287902417417;0.25;0.019104474527967277;0;0;0;0;0.8166666666666667;0.7222222222222222
29962.425452392923;0.2;0.2;0.25;0.8166666666666667;0.7777777777777778;0.6;0.28568710735286473;0.23512700892362895;0.020491879396613673;0;0;0;0;0.8166666666666667;0.7777777777777778
28658.44408299226;0.2;0.2;0.25;0.8166666666666667;0.8333333333333333;0.6;0.2857036469569942;0.2387610769788927;0.021588325530271322;0;0;0;0;0.8166666666666667;0.8333333333333333
29142.39924942555;0.2;0.2;0.25;0.8166666666666667;0.8888888888888888;0.6;0.2856287716813511;0.23524546202289587;0.023278179490379042;0;0;0;0;0.8166666666666667;0.8888888888888888
26579.755252576848;0.2;0.2;0.25;0.8166666666666667;0.9444444444444444;0.5540911782517759;0.3999681418683996;0.25;0.0248421801708414;0;0;0;0;0.8166666666666667;0.9444444444444444
26399.82756430194;0.2;0.2;0.25;0.8166666666666667;1.0;0.47183047629362695;0.6665793677875691;0.22909921347100407;0.02519981320076665;0;0;0;0;0.8166666666666667;1.0
29752.836745751392;0.2;0.2;0.25;0.8333333333333333;0.5;0.5524398902271583;0.39999481449101115;0.25;0.013526209459909894;0;0;0;0;0.8333333333333333;0.5
32483.24637995248;0.2;0.2;0.25;0.8333333333333333;0.5555555555555556;0.5016853899266862;0.2856569354825438;0.16973115637901032;0.012507258830272127;0;0;0;0;0.8333333333333333;0.5555555555555556
26571.62135635627;0.2;0.2;0.25;0.8333333333333333;0.6111111111111112;0.48636659710158037;0.6666047634688214;0.25;0.015736876378724802;0;0;0;0;0.8333333333333333;0.6111111111111112
26351.379565302694;0.2;0.2;0.25;0.8333333333333333;0.6666666666666666;0.48732529921224005;0.6666579406942544;0.25;0.017081974165778935;0;0;0;0;0.8333333333333333;0.6666666666666666
28181.67607130548;0.2;0.2;0.25;0.8333333333333333;0.7222222222222222;0.553326609671656;0.3999507023764002;0.25;0.019389453362063058;0;0;0;0;0.8333333333333333;0.7222222222222222
29877.539638339356;0.2;0.2;0.25;0.8333333333333333;0.7777777777777778;0.6;0.2856875814808228;0.2358846058288684;0.020503453062501207;0;0;0;0;0.8333333333333333;0.7777777777777778
29573.127996258463;0.2;0.2;0.25;0.8333333333333333;0.8333333333333333;0.5437372863090173;0.2856674329306217;0.19960765730644786;0.020137627081115887;0;0;0;0;0.8333333333333333;0.8333333333333333
27586.18525400157;0.2;0.2;0.25;0.8333333333333333;0.8888888888888888;0.5567756688936082;0.39991173702772065;0.25;0.023832434380725617;0;0;0;0;0.8333333333333333;0.8888888888888888
28952.783988436797;0.2;0.2;0.25;0.8333333333333333;0.9444444444444444;0.4457419420654842;0.3999465506180618;0.16738946143696656;0.020313484768576195;0;0;0;0;0.8333333333333333;0.9444444444444444
25508.68949959505;0.2;0.2;0.25;0.8333333333333333;1.0;0.4669977383099707;1.0;0.25;0.025946924100451404;0;0;0;0;0.8333333333333333;1.0
31165.957257550508;0.2;0.2;0.25;0.85;0.5;0.4851110235200254;0.39996459039342497;0.19789799890172938;0.012041675067211103;0;0;0;0;0.85;0.5
28972.58920115059;0.2;0.2;0.25;0.85;0.5555555555555556;0.5505556389882313;0.39993813016988355;0.25;0.01492136434858361;0;0;0;0;0.85;0.5555555555555556
26539.0201069279;0.2;0.2;0.25;0.85;0.6111111111111112;0.485987963884407;0.6666095704948696;0.25;0.015894537699360018;0;0;0;0;0.85;0.6111111111111112
26367.41535873349;0.2;0.2;0.25;0.85;0.6666666666666666;0.484879873489684;0.6665756726386305;0.2484869314357359;0.017117649448694417;0;0;0;0;0.85;0.6666666666666666
28146.35965386426;0.2;0.2;0.25;0.85;0.7222222222222222;0.5527832729276965;0.3999846168909199;0.25;0.01934868163041847;0;0;0;0;0.85;0.7222222222222222
28310.673747781602;0.2;0.2;0.25;0.85;0.7777777777777778;0.5555817208012742;0.3999651375529334;0.25;0.02096914415741601;0;0;0;0;0.85;0.7777777777777778
28699.302478860816;0.2;0.2;0.25;0.85;0.8333333333333333;0.5597008627721753;0.3999896717767373;0.25;0.022768378677114;0;0;0;0;0.85;0.8333333333333333
27559.997463349308;0.2;0.2;0.25;0.85;0.8888888888888888;0.5563927102809563;0.3993889280857239;0.25;0.023904873756135654;0;0;0;0;0.85;0.8888888888888888
26671.907965837472;0.2;0.2;0.25;0.85;0.9444444444444444;0.4976115795270643;0.6666159791101337;0.25;0.02531669600395049;0;0;0;0;0.85;0.9444444444444444
25653.368487245272;0.2;0.2;0.25;0.85;1.0;0.4952174046478599;0.6666400902956288;0.25;0.026206591230761137;0;0;0;0;0.85;1.0
26323.811609799737;0.2;0.4;0.1;0.7;0.5;0.4628048470315102;0.8271139270032424;0.25;0.011750085449398782;0;0;0;0;0.7;0.5
25724.211506084073;0.2;0.4;0.1;0.7;0.5555555555555556;0.4511489736258428;1.0;0.25;0.012932575803679368;0;0;0;0;0.7;0.5555555555555556
25179.5460509342;0.2;0.4;0.1;0.7;0.6111111111111112;0.4508778003876968;1.0;0.25;0.014137991653930699;0;0;0;0;0.7;0.6111111111111112
25270.52110501222;0.2;0.4;0.1;0.7;0.6666666666666666;0.4575082887599166;0.9196696560825323;0.25;0.016412292020356104;0;0;0;0;0.7;0.6666666666666666
25153.26343913153;0.2;0.4;0.1;0.7;0.7222222222222222;0.45802938778628766;0.929458508474417;0.25;0.018052409635401712;0;0;0;0;0.7;0.7222222222222222
25481.940878520967;0.2;0.4;0.1;0.7;0.7777777777777778;0.4833613086588423;0.6666353804704146;0.25;0.018486977659782168;0;0;0;0;0.7;0.7777777777777778
25677.694053892843;0.2;0.4;0.1;0.7;0.8333333333333333;0.48572753010837805;0.6665672538889824;0.25;0.020028716248389353;0;0;0;0;0.7;0.8333333333333333
24423.979173650514;0.2;0.4;0.1;0.7;0.8888888888888888;0.46006343889321155;0.9102779754825866;0.25;0.019735347647528247;0;0;0;0;0.7;0.8888888888888888
25002.604362751623;0.2;0.4;0.1;0.7;0.9444444444444444;0.48636309995036736;0.666600690826991;0.25;0.02233397499909218;0;0;0;0;0.7;0.9444444444444444
23906.557428758788;0.2;0.4;0.1;0.7;1.0;0.46213940583824803;0.9323404257882506;0.25;0.024771739559170378;0;0;0;0;0.7;1.0
25920.67428884752;0.2;0.4;0.1;0.7166666666666667;0.5;0.4624890519208007;0.827388745896489;0.25;0.011821452438135987;0;0;0;0;0.7166666666666667;0.5
25321.524528011436;0.2;0.4;0.1;0.7166666666666667;0.5555555555555556;0.45083954156525674;1.0;0.25;0.01306505479040569;0;0;0;0;0.7166666666666667;0.5555555555555556
24776.7972287114;0.2;0.4;0.1;0.7166666666666667;0.6111111111111112;0.4505908960290505;1.0;0.25;0.014210806442261794;0;0;0;0;0.7166666666666667;0.6111111111111112
24448.12674227463;0.2;0.4;0.1;0.7166666666666667;0.6666666666666666;0.45104411827092555;1.0;0.25;0.015471417649395715;0;0;0;0;0.7166666666666667;0.6666666666666666
25078.686073297482;0.2;0.4;0.1;0.7166666666666667;0.7222222222222222;0.48130575547537024;0.6666009830899845;0.25;0.017026774204793614;0;0;0;0;0.7166666666666667;0.7222222222222222
26519.390917417415;0.2;0.4;0.1;0.7166666666666667;0.7777777777777778;0.43646052373854916;0.6665710242557471;0.21005135779377282;0.01560371748126994;0;0;0;0;0.7166666666666667;0.7777777777777778
25272.00692815013;0.2;0.4;0.1;0.7166666666666667;0.8333333333333333;0.48544646167573297;0.6665789708896175;0.25;0.020093436414559906;0;0;0;0;0.7166666666666667;0.8333333333333333
25664.85271907042;0.2;0.4;0.1;0.7166666666666667;0.8888888888888888;0.48856836792013253;0.6666459498130751;0.25;0.02152938791629982;0;0;0;0;0.7166666666666667;0.8888888888888888
24122.609658691923;0.2;0.4;0.1;0.7166666666666667;0.9444444444444444;0.45775255214033556;1.0;0.25;0.02240167952555948;0;0;0;0;0.7166666666666667;0.9444444444444444
24922.969418511486;0.2;0.4;0.1;0.7166666666666667;1.0;0.4619167235538788;1.0;0.25;0.024004043487732656;0;0;0;0;0.7166666666666667;1.0
25757.594262179122;0.2;0.4;0.1;0.7333333333333333;0.5;0.45151840972120316;1.0;0.25;0.011913459319347923;0;0;0;0;0.7333333333333333;0.5
24973.061016966203;0.2;0.4;0.1;0.7333333333333333;0.5555555555555556;0.45057845813248404;1.0;0.25;0.013116655288709506;0;0;0;0;0.7333333333333333;0.5555555555555556
26229.381202331613;0.2;0.4;0.1;0.7333333333333333;0.6111111111111112;0.4646527243657299;0.8638291633003939;0.25;0.01482436929156285;0;0;0;0;0.7333333333333333;0.6111111111111112
25369.282985082475;0.2;0.4;0.1;0.7333333333333333;0.6666666666666666;0.45485311297589975;1.0;0.25;0.015956511562389558;0;0;0;0;0.7333333333333333;0.6666666666666666
26490.715103200822;0.2;0.4;0.1;0.7333333333333333;0.7222222222222222;0.4713304858321408;0.6666060588137991;0.23656890098606476;0.017941228020052432;0;0;0;0;0.7333333333333333;0.7222222222222222
25874.75705440464;0.2;0.4;0.1;0.7333333333333333;0.7777777777777778;0.4476089091379983;0.6666101387943757;0.21997363904629796;0.015944510881497034;0;0;0;0;0.7333333333333333;0.7777777777777778
24921.712435883324;0.2;0.4;0.1;0.7333333333333333;0.8333333333333333;0.4850128324944305;0.666610777374007;0.25;0.019968067856316895;0;0;0;0;0.7333333333333333;0.8333333333333333
