-4411.227692281663;0.3;0.8;0.15;0.05;0.2;0.1;0.1;0.3;0.765;0.75;1;1;1;1;1;2;0.1;LBFGSB;False;-21.623665158243444;-4411.227692281663;36.28736900155983;-31.078055948925748;-1584.9808533952132;28.28108957040074;-46.92807346536001;-2393.3317467333604;55.37068283215031;-6.516397501969337;-332.3362726004362;7.141662253618354;-1.9721337167186743;-100.57881955265239;2.499180437131169
-2509.3541454760084;0.3016957041788689;0.8048039501539498;0.13058258227558606;0.03509677257730129;0.19635777130519474;0.09850657015646934;0.10585177732575225;0.295585174575563;0.765;0.75;1;1;1;1;1;2;0.05;LBFGSB;False;-12.300755615078472;-2509.3541454760084;18.636055046522298;-14.852386678817874;-757.4717206197116;17.81937305628801;-28.117105634175676;-1433.9723873429596;24.774508291161418;-4.944571140436326;-252.17312816225265;4.885888917906855;-1.2889590068840149;-65.73690935108476;1.41106325325191
-1360.0899670737087;0.29566055670022734;0.7758205169885853;0.1;0.05946035291080903;0.18162689748805047;0.10211025210909212;0.10614546492729708;0.27626684607483204;0.765;0.75;1;1;1;1;1;2;0.01;LBFGSB;False;-6.667107681733866;-1360.0899670737087;9.300605499286101;-13.50807567211195;-688.9118592777095;14.593647948781959;-9.12201784236906;-465.22290996082205;5.145901284014104;-3.0247355254529533;-154.26151179810063;2.7979809122370627;-1.0136016870015012;-51.69368603707656;0.8167380552307034
-4411.227692281663;0.3;0.8;0.15;0.05;0.2;0.1;0.1;0.3;0.765;0.75;1;1;1;1;1;3;0.1;LBFGSB;False;-21.623665158243444;-4411.227692281663;36.28736900155983;-31.078055948925748;-1584.9808533952132;28.28108957040074;-46.92807346536001;-2393.3317467333604;55.37068283215031;-6.516397501969337;-332.3362726004362;7.141662253618354;-1.9721337167186743;-100.57881955265239;2.499180437131169
-2523.5844528755883;0.3004752866327141;0.7664307797519906;0.12954450793688027;0.03442800530041013;0.1819225378811679;0.09153427453257272;0.10489148174087594;0.2727605759420745;0.765;0.75;1;1;1;1;1;3;0.05;LBFGSB;False;-12.370512023899943;-2523.5844528755883;19.02310727034795;-13.068301813012377;-666.4833924636313;13.703583242224141;-30.081255293340245;-1534.1440199603526;27.24578936741665;-4.984079042799901;-254.18803118279496;4.998755214702718;-1.3484119464472475;-68.76900926880963;1.4839929927269035
-1149.3151683088743;0.30106129665743636;0.7707042720156085;0.1;0.06761930149742718;0.178429592395832;0.0899170828513733;0.1086938884426238;0.27077185319407576;0.765;0.75;1;1;1;1;1;3;0.01;LBFGSB;False;-5.63389788386703;-1149.3151683088743;6.189696056310291;-10.464859674004343;-533.7078433742215;8.24100453986415;-7.938347448311085;-404.8557198638654;4.428735755492834;-3.1574510786225347;-161.03000500974926;2.940239921633862;-0.9749333345301633;-49.72160006103833;0.7675043968502642
-4411.227692281663;0.3;0.8;0.15;0.05;0.2;0.1;0.1;0.3;0.765;0.75;1;1;1;1;1;4;0.1;LBFGSB;False;-21.623665158243444;-4411.227692281663;36.28736900155983;-31.078055948925748;-1584.9808533952132;28.28108957040074;-46.92807346536001;-2393.3317467333604;55.37068283215031;-6.516397501969337;-332.3362726004362;7.141662253618354;-1.9721337167186743;-100.57881955265239;2.499180437131169
-2541.843629575815;0.30030269825321954;0.7656815426497121;0.12923712161746903;0.034241556069326114;0.18169391845121632;0.09141771423181108;0.10483912180985476;0.27243860206625;0.765;0.75;1;1;1;1;1;4;0.05;LBFGSB;False;-12.46001779203831;-2541.843629575815;19.137277347786465;-13.420375269302722;-684.4391387344389;14.394974282816849;-30.08720490960338;-1534.4474503897723;27.194466474460164;-4.984079042799901;-254.18803118279496;4.998755214702718;-1.3484119464472475;-68.76900926880963;1.4839929927269035
-1895.6483157068906;0.32055981545496304;0.8073399680407802;0.13921019050544525;0.0483385651036637;0.1927725559156799;0.09662007461687523;0.1143010640928963;0.289513600927396;0.765;0.75;1;1;1;1;1;4;0.01;LBFGSB;False;-9.292393704445542;-1895.6483157068906;12.67648232002516;-10.995093976694093;-560.7497928113987;9.957972689267208;-20.635512815160034;-1052.4111535731618;17.33590411001163;-4.4568173173182215;-227.29768318322928;4.442263062950036;-1.0821507086098197;-55.1896861391008;0.9939291242828419
-4411.227692281663;0.3;0.8;0.15;0.05;0.2;0.1;0.1;0.3;0.765;0.75;1;1;1;1;1;5;0.1;LBFGSB;False;-21.623665158243444;-4411.227692281663;36.28736900155983;-31.078055948925748;-1584.9808533952132;28.28108957040074;-46.92807346536001;-2393.3317467333604;55.37068283215031;-6.516397501969337;-332.3362726004362;7.141662253618354;-1.9721337167186743;-100.57881955265239;2.499180437131169
-2548.3659436580997;0.3001540007125658;0.7650721041536981;0.12909199867260174;0.03413821329038249;0.18146745546216783;0.09130293807263214;0.1047778367513878;0.2720993077745014;0.765;0.75;1;1;1;1;1;5;0.05;LBFGSB;False;-12.491989919892646;-2548.3659436580997;19.18564780853255;-13.517766316187439;-689.4060821255594;14.611916247241128;-30.117702374136005;-1536.0028210809362;27.19177135630078;-4.984079042799901;-254.18803118279496;4.998755214702718;-1.3484119464472475;-68.76900926880963;1.4839929927269035
-1640.369071545972;0.28113430591560434;0.7915862176309777;0.1;0.04966902241608536;0.19990393916377397;0.1001742255100665;0.09549431118409893;0.3028728325719395;0.765;0.75;1;1;1;1;1;5;0.01;LBFGSB;False;-8.041024860519471;-1640.369071545972;9.650103811632194;-10.317065014724578;-526.1703157509535;7.618901061338741;-16.659832157458574;-849.6514400303873;12.443273114886832;-4.08061532035405;-208.11138133805653;3.9000861095318125;-1.1065869495406857;-56.43593442657497;1.0812828366519083
-4411.227692281663;0.3;0.8;0.15;0.05;0.2;0.1;0.1;0.3;0.765;0.75;1;1;1;1;2;2;0.1;LBFGSB;False;-21.623665158243444;-4411.227692281663;36.28736900155983;-31.078055948925748;-1584.9808533952132;28.28108957040074;-46.92807346536001;-2393.3317467333604;55.37068283215031;-6.516397501969337;-332.3362726004362;7.141662253618354;-1.9721337167186743;-100.57881955265239;2.499180437131169
-2491.466577544343;0.30118683599178053;0.769632896331413;0.1304166155083015;0.034983094971463756;0.18246205006639246;0.09183513510530872;0.10617989478989383;0.27357873165273916;0.765;0.75;1;1;1;1;2;2;0.05;LBFGSB;False;-12.213071458550703;-2491.466577544343;18.861626782378885;-12.48015390423739;-636.4878491161069;12.431340951735649;-30.06420492049268;-1533.2744509451268;27.41937024427047;-4.984079042799901;-254.18803118279496;4.998755214702718;-1.3238479666728287;-67.51624630031426;1.4588985063742388
-1886.4895446875269;0.3200709627092534;0.8071260158688107;0.13955431127716697;0.048174045364800265;0.19300195566134237;0.11032737340104759;0.11395289773160873;0.2898272418949714;0.765;0.75;1;1;1;1;2;2;0.01;LBFGSB;False;-9.247497768076112;-1886.4895446875269;12.93550129075284;-10.432044652128129;-532.0342772585345;8.765641738234489;-21.321089214134528;-1087.375549920861;18.297082482441628;-4.217133755997833;-215.07382155588948;4.091138064728124;-1.0197234500439571;-52.005895952241815;0.8809468803062623
-4411.227692281663;0.3;0.8;0.15;0.05;0.2;0.1;0.1;0.3;0.765;0.75;1;1;1;1;2;3;0.1;LBFGSB;False;-21.623665158243444;-4411.227692281663;36.28736900155983;-31.078055948925748;-1584.9808533952132;28.28108957040074;-46.92807346536001;-2393.3317467333604;55.37068283215031;-6.516397501969337;-332.3362726004362;7.141662253618354;-1.9721337167186743;-100.57881955265239;2.499180437131169
-2527.542302776531;0.3003552168976334;0.7669281215619296;0.12954108130699785;0.0344188316443674;0.1815386788802437;0.09138547354636815;0.10580926750035714;0.2722215332277715;0.765;0.75;1;1;1;1;2;3;0.05;LBFGSB;False;-12.389913248904563;-2527.542302776531;19.101746042387205;-12.992817582804161;-662.6336967230122;13.556485279797057;-30.23434442356695;-1541.9515656019144;27.440670118412054;-4.984079042799901;-254.18803118279496;4.998755214702718;-1.3484119464472475;-68.76900926880963;1.4839929927269035
-1628.6864376953467;0.28076163822595607;0.7984637254065962;0.1;0.04956890546756396;0.19989276641566572;0.10402498556542662;0.0904718810575871;0.2907570079710478;0.765;0.75;1;1;1;1;2;3;0.01;LBFGSB;False;-7.983757047526209;-1628.6864376953467;9.672969807840099;-10.336622712904656;-527.1677583581375;7.714572391600657;-16.659832157458574;-849.6514400303873;12.443273114886832;-3.845577491388375;-196.12445206080713;3.6595152909133657;-1.0929958283532357;-55.74278724601503;1.0517975476313086
-4411.227692281663;0.3;0.8;0.15;0.05;0.2;0.1;0.1;0.3;0.765;0.75;1;1;1;1;2;4;0.1;LBFGSB;False;-21.623665158243444;-4411.227692281663;36.28736900155983;-31.078055948925748;-1584.9808533952132;28.28108957040074;-46.92807346536001;-2393.3317467333604;55.37068283215031;-6.516397501969337;-332.3362726004362;7.141662253618354;-1.9721337167186743;-100.57881955265239;2.499180437131169
-2537.0479679031746;0.30044918851400265;0.7658839496765271;0.12929587309889884;0.034313378479815894;0.18167782740604418;0.09144905424284923;0.10495736806493723;0.27243170489381674;0.765;0.75;1;1;1;1;2;4;0.05;LBFGSB;False;-12.43650964658419;-2537.0479679031746;19.05520778916975;-13.450960474371955;-685.9989841929697;14.46212283092637;-29.96258712271765;-1528.0919432586002;27.007107493852903;-4.984079042799901;-254.18803118279496;4.998755214702718;-1.3484119464472475;-68.76900926880963;1.4839929927269035
-1506.6808538414923;0.28591924922289713;0.7886513283732779;0.1;0.052830621032654665;0.19513193211975383;0.10706146042804279;0.11082980717742626;0.2948135758900364;0.765;0.75;1;1;1;1;2;4;0.01;LBFGSB;False;-7.385690460007315;-1506.6808538414923;8.764778176019076;-11.296938028785885;-576.1438394680802;9.83008698188195;-13.665454875406835;-696.9381986457486;9.374368049248032;-3.61552194203836;-184.39161904395635;3.456829094537434;-0.9648469937981797;-49.20719668370717;0.8072124798800739
-4411.227692281663;0.3;0.8;0.15;0.05;0.2;0.1;0.1;0.3;0.765;0.75;1;1;1;1;2;5;0.1;LBFGSB;False;-21.623665158243444;-4411.227692281663;36.28736900155983;-31.078055948925748;-1584.9808533952132;28.28108957040074;-46.92807346536001;-2393.3317467333604;55.37068283215031;-6.516397501969337;-332.3362726004362;7.141662253618354;-1.9721337167186743;-100.57881955265239;2.499180437131169
-2546.9819914186032;0.3002841692401451;0.7651900146978896;0.12907677423427866;0.034155655620057034;0.18140618634285446;0.09131596157346465;0.10491981153787802;0.2720368132673526;0.765;0.75;1;1;1;1;2;5;0.05;LBFGSB;False;-12.485205840287271;-2546.9819914186032;19.140030545254135;-13.645745249184293;-695.9330077083989;14.889212314042435;-29.96258712271765;-1528.0919432586002;27.007107493852903;-4.984079042799901;-254.18803118279496;4.998755214702718;-1.3484119464472475;-68.76900926880963;1.4839929927269035
-1860.56151809122;0.3129646468407564;0.8053921018060806;0.13279770765551763;0.048051169225181614;0.19453707742129228;0.10692448064292794;0.10968172103037942;0.29260835308890404;0.765;0.75;1;1;1;1;2;5;0.01;LBFGSB;False;-9.120399598486372;-1860.56151809122;12.508790295178605;-10.442485767107499;-532.5667741224825;8.645911024132213;-20.75628112484177;-1058.5703373669303;17.516483883818346;-4.246073099523511;-216.54972807569905;4.140581873237314;-1.0367584024727097;-52.8746785261082;0.9539238542664881
-4411.227692281663;0.3;0.8;0.15;0.05;0.2;0.1;0.1;0.3;0.765;0.75;1;1;1;2;1;2;0.1;LBFGSB;False;-21.623665158243444;-4411.227692281663;36.28736900155983;-31.078055948925748;-1584.9808533952132;28.28108957040074;-46.92807346536001;-2393.3317467333604;55.37068283215031;-6.516397501969337;-332.3362726004362;7.141662253618354;-1.9721337167186743;-100.57881955265239;2.499180437131169
-2492.5701661037565;0.3017779308514462;0.7688482724792;0.1303276182254473;0.03497382040639454;0.18252731181036197;0.10285337071423531;0.09183767132904422;0.27367257052322785;0.765;0.75;1;1;1;2;1;2;0.05;LBFGSB;False;-12.218481206390964;-2492.5701661037565;18.799966183122116;-13.170989601484928;-671.7204696757314;13.885912695373527;-29.637197342707992;-1511.4970644781076;26.803100168036053;-4.683199147181717;-238.84315650626755;4.653367263123821;-1.3825387341892184;-70.50947544365013;1.535990887439132
-1858.3519960921135;0.3195610466291861;0.8070841101895299;0.13841216614314472;0.04859584608001989;0.19285541907610604;0.11018493697572908;0.09676332218062979;0.28982853137355963;0.765;0.75;1;1;1;2;1;2;0.01;LBFGSB;False;-9.109568608294675;-1858.3519960921135;12.557661300291148;-10.629609375607016;-542.1100781559578;9.130941691169781;-20.659617888638813;-1053.6405123205795;17.48546566533047;-4.0398419567917;-206.03193979637672;3.895428702040269;-1.1092052121411666;-56.56946581919949;1.0331281399252932
-4411.227692281663;0.3;0.8;0.15;0.05;0.2;0.1;0.1;0.3;0.765;0.75;1;1;1;2;1;3;0.1;LBFGSB;False;-21.623665158243444;-4411.227692281663;36.28736900155983;-31.078055948925748;-1584.9808533952132;28.28108957040074;-46.92807346536001;-2393.3317467333604;55.37068283215031;-6.516397501969337;-332.3362726004362;7.141662253618354;-1.9721337167186743;-100.57881955265239;2.499180437131169
-2521.0360181621654;0.30103864962855814;0.7666379742952132;0.12951719804073866;0.034458185418053185;0.1817548143932419;0.10254316024389042;0.09147287999552933;0.2725170029721759;0.765;0.75;1;1;1;2;1;3;0.05;LBFGSB;False;-12.35801969687336;-2521.0360181621654;18.99521475541142;-13.735945900087321;-700.5332409044534;15.077054162353152;-29.688334423271144;-1514.1050555868283;26.65757047641899;-4.61337471418948;-235.28211042366348;4.530697660605638;-1.3944237499454992;-71.11561124722046;1.5438380978581583
-1650.4683227028927;0.2812584213059442;0.7982525549114955;0.1;0.04942571739711479;0.20059296671657312;0.09412780430202738;0.1009740531756237;0.30477174580748195;0.765;0.75;1;1;1;2;1;3;0.01;LBFGSB;False;-8.09053099364163;-1650.4683227028927;9.640408913535879;-10.825272803836425;-552.0889129956577;8.658589778246085;-16.252783075541384;-828.8919368526106;11.872551731438408;-4.191072266835482;-213.74468560860956;4.0549411669566044;-1.0929958283532357;-55.74278724601503;1.0517975476313086
-4411.227692281663;0.3;0.8;0.15;0.05;0.2;0.1;0.1;0.3;0.765;0.75;1;1;1;2;1;4;0.1;LBFGSB;False;-21.623665158243444;-4411.227692281663;36.28736900155983;-31.078055948925748;-1584.9808533952132;28.28108957040074;-46.92807346536001;-2393.3317467333604;55.37068283215031;-6.516397501969337;-332.3362726004362;7.141662253618354;-1.9721337167186743;-100.57881955265239;2.499180437131169
-2531.4993986432946;0.30063544376275014;0.7661326351248672;0.12916335500741674;0.03424408165396576;0.181318579742217;0.10236370215210625;0.0912711206355269;0.27187685172018533;0.765;0.75;1;1;1;2;1;4;0.05;LBFGSB;False;-12.409310777663208;-2531.4993986432946;19.078885459778405;-13.937849022943816;-710.8303001701346;15.475107535976221;-29.720534967099713;-1515.7472833220854;26.635320461965016;-4.584435370663802;-233.8062039038539;4.487925204669978;-1.3944237499454992;-71.11561124722046;1.5438380978581583
-1082.491417430397;0.30601107537509475;0.7597710781093334;0.1;0.07097909679205944;0.17004633401101102;0.10663926459107448;0.08728995165756341;0.2597865995678214;0.765;0.75;1;1;1;2;1;4;0.01;LBFGSB;False;-5.306330477599985;-1082.491417430397;6.5302619470938765;-11.100016749861172;-566.1008542429198;9.572698158686638;-6.615975263757555;-337.4147384516353;3.4386543734035526;-2.4711552169768005;-126.02891606581683;2.2248142741372487;-1.0381746798044114;-52.94690867002498;0.7932522544507999
-4411.227692281663;0.3;0.8;0.15;0.05;0.2;0.1;0.1;0.3;0.765;0.75;1;1;1;2;1;5;0.1;LBFGSB;False;-21.623665158243444;-4411.227692281663;36.28736900155983;-31.078055948925748;-1584.9808533952132;28.28108957040074;-46.92807346536001;-2393.3317467333604;55.37068283215031;-6.516397501969337;-332.3362726004362;7.141662253618354;-1.9721337167186743;-100.57881955265239;2.499180437131169
-2533.2002252349503;0.3006027359714698;0.7655219988499871;0.12910038686231168;0.034225164949603676;0.18141549455344394;0.1023425767502159;0.09132023450149492;0.27204681592248986;0.765;0.75;1;1;1;2;1;5;0.05;LBFGSB;False;-12.417648162916423;-2533.2002252349503;19.07818056536663;-13.942259220430994;-711.0552202419807;15.47334644176382;-29.720534967099713;-1515.7472833220854;26.635320461965016;-4.61337471418948;-235.28211042366348;4.530697660605638;-1.3944237499454992;-71.11561124722046;1.5438380978581583
-1882.4991020395792;0.3225979613206348;0.8080283963998193;0.13977641358778098;0.048401620005033744;0.19203043692512126;0.11167390842949115;0.09639576057350613;0.2885155435016287;0.765;0.75;1;1;1;2;1;5;0.01;LBFGSB;False;-9.227936774703819;-1882.4991020395792;12.645810146683287;-12.409859864756035;-632.9028531025577;12.81179176417011;-19.507385551787504;-994.8766631411627;15.816019058981798;-3.91235097366192;-199.52989965675792;3.740148409180807;-1.0821507086098197;-55.1896861391008;0.9939291242828419
-4411.227692281663;0.3;0.8;0.15;0.05;0.2;0.1;0.1;0.3;0.765;0.75;1;1;1;2;2;2;0.1;LBFGSB;False;-21.623665158243444;-4411.227692281663;36.28736900155983;-31.078055948925748;-1584.9808533952132;28.28108957040074;-46.92807346536001;-2393.3317467333604;55.37068283215031;-6.516397501969337;-332.3362726004362;7.141662253618354;-1.9721337167186743;-100.57881955265239;2.499180437131169
-2477.27702904715;0.3018784669973455;0.7695636874458793;0.1304369714268586;0.03510194426135249;0.1827920463837137;0.10286053216991385;0.10557619929732931;0.27409296394845967;0.765;0.75;1;1;1;2;2;2;0.05;LBFGSB;False;-12.143514848270343;-2477.27702904715;18.743879060016134;-13.068301813012377;-666.4833924636313;13.703583242224141;-29.58489875042207;-1508.8298362715257;26.731902950250028;-4.683199147181717;-238.84315650626755;4.653367263123821;-1.2376596824651929;-63.12064380572484;1.2822879366809425
-1838.7936549095098;0.31565951276947013;0.806147273335085;0.13408002092459725;0.048755886555899824;0.1938304584098574;0.1086965619201726;0.11139990574880769;0.2914588210818987;0.765;0.75;1;1;1;2;2;2;0.01;LBFGSB;False;-9.013694386811322;-1838.7936549095098;12.177110476323154;-10.942741367294863;-558.079809732038;9.756862349380889;-19.942532125791537;-1017.0691384153685;16.44112220371782;-4.156774230466673;-211.99548575380032;4.011485935639364;-1.0127298236922173;-51.64922100830309;0.8737119965235993
-4411.227692281663;0.3;0.8;0.15;0.05;0.2;0.1;0.1;0.3;0.765;0.75;1;1;1;2;2;3;0.1;LBFGSB;False;-21.623665158243444;-4411.227692281663;36.28736900155983;-31.078055948925748;-1584.9808533952132;28.28108957040074;-46.92807346536001;-2393.3317467333604;55.37068283215031;-6.516397501969337;-332.3362726004362;7.141662253618354;-1.9721337167186743;-100.57881955265239;2.499180437131169
-2501.2518400954764;0.30096733374550605;0.7672232819408077;0.12969033909864933;0.03465127096395964;0.18205735970063172;0.10248234658119368;0.10517052504479328;0.27300272631033634;0.765;0.75;1;1;1;2;2;3;0.05;LBFGSB;False;-12.26103843184057;-2501.2518400954764;18.936185004277107;-13.260387565940913;-676.2797658629866;14.083694371069985;-29.832355476518646;-1521.450129302451;26.91690688705879;-4.683199147181717;-238.84315650626755;4.653367263123821;-1.2682115377210077;-64.6787884237714;1.3328491851684687
-1565.226249808861;0.2837744926331568;0.798946137080602;0.1;0.05136891231226579;0.19966187164039348;0.0973695702487145;0.09612472492482511;0.30234270819528086;0.765;0.75;1;1;1;2;2;3;0.01;LBFGSB;False;-7.672677695141475;-1565.226249808861;9.067535785930357;-11.172612515887444;-569.8032383102596;9.59166402718042;-14.550778824781615;-742.0897200638624;10.217232325228064;-3.91235097366192;-199.52989965675792;3.740148409180807;-1.0549684662349197;-53.803391777980906;1.004143518709061
-4411.227692281663;0.3;0.8;0.15;0.05;0.2;0.1;0.1;0.3;0.765;0.75;1;1;1;2;2;4;0.1;LBFGSB;False;-21.623665158243444;-4411.227692281663;36.28736900155983;-31.078055948925748;-1584.9808533952132;28.28108957040074;-46.92807346536001;-2393.3317467333604;55.37068283215031;-6.516397501969337;-332.3362726004362;7.141662253618354;-1.9721337167186743;-100.57881955265239;2.499180437131169
-2291.0457334680796;0.31048951827995447;0.8048226701509342;0.13549401649941553;0.03930780965914782;0.1956778843680894;0.10632367092474478;0.1084072996113528;0.2938102097249356;0.765;0.75;1;1;1;2;2;4;0.05;LBFGSB;False;-11.230616340529801;-2291.0457334680796;16.575694991797846;-14.105934970966283;-719.4026835192805;16.281429429478862;-25.09772246271732;-1279.9838455985835;21.587705962991112;-4.536264081000639;-231.3494681310326;4.491993831320331;-1.1825438474349592;-60.30973621918292;1.1749271553880416
-1200.2820485841864;0.3000512520227781;0.769177314469648;0.1;0.06521607407123042;0.17649428434269254;0.10478608046217244;0.1081643502659221;0.26900500366678326;0.765;0.75;1;1;1;2;2;4;0.01;LBFGSB;False;-5.8837355322754235;-1200.2820485841864;7.199560610791193;-11.576833119862046;-590.4184891129644;10.516776551608675;-8.038578460358062;-409.96750147826117;4.440414693128938;-2.8283161804495527;-144.2441252029272;2.627868668153332;-1.091214368432039;-55.65193279003399;0.8663554844575793
-4411.227692281663;0.3;0.8;0.15;0.05;0.2;0.1;0.1;0.3;0.765;0.75;1;1;1;2;2;5;0.1;LBFGSB;False;-21.623665158243444;-4411.227692281663;36.28736900155983;-31.078055948925748;-1584.9808533952132;28.28108957040074;-46.92807346536001;-2393.3317467333604;55.37068283215031;-6.516397501969337;-332.3362726004362;7.141662253618354;-1.9721337167186743;-100.57881955265239;2.499180437131169
-2293.577637451842;0.31027705398246;0.8047877465668971;0.13536957819256806;0.03925642768663886;0.19575475640797074;0.10624555581247434;0.10827709052388201;0.2938976611554743;0.765;0.75;1;1;1;2;2;5;0.05;LBFGSB;False;-11.243027634567852;-2293.577637451842;16.59416845309499;-14.088097277843172;-718.4929611700018;16.202833743965257;-25.16520533199264;-1283.4254719316248;21.662408877009142;-4.536264081000639;-231.3494681310326;4.491993831320331;-1.1825438474349592;-60.30973621918292;1.1749271553880416
-1192.193282876754;0.2997299150118744;0.7737193380909795;0.1;0.06538203147431275;0.1788966758199784;0.10456735799704392;0.10796129055582197;0.272468097764664;0.765;0.75;1;1;1;2;2;5;0.01;LBFGSB;False;-5.844084719984088;-1192.193282876754;7.015637017648535;-11.343687554556308;-578.5280652823717;10.092143627679613;-8.106914540515804;-413.452641566306;4.496411527398673;-2.8605708646985413;-145.8891140996256;2.6515433772809702;-1.065165920165702;-54.323461928450804;0.8194139319662642
-4411.227692281663;0.3;0.8;0.15;0.05;0.2;0.1;0.1;0.3;0.765;0.75;1;1;2;1;1;2;0.1;LBFGSB;False;-21.623665158243444;-4411.227692281663;36.28736900155983;-31.078055948925748;-1584.9808533952132;28.28108957040074;-46.92807346536001;-2393.3317467333604;55.37068283215031;-6.516397501969337;-332.3362726004362;7.141662253618354;-1.9721337167186743;-100.57881955265239;2.499180437131169
-2220.818432549724;0.300430232556537;0.7923252618103034;0.11779740158693763;0.04207537906762653;0.18731897597730737;0.09405551454768368;0.1121585130187864;0.28131638776094925;0.765;0.75;1;1;2;1;1;2;0.05;LBFGSB;False;-10.886364865439823;-2220.818432549724;18.788456900687965;-21.287493745510282;-1085.6621810210245;31.00981256499675;-17.210208883213554;-877.7206530438912;11.95260285132407;-4.043286096893751;-206.2075909415813;3.754349026590081;-1.0044707361417016;-51.22800754322678;0.895589319228955
-1578.4852997503979;0.2852186464012114;0.8028787433441604;0.1;0.05133869632012678;0.1980586739121649;0.09502984829244547;0.09473657168115988;0.29964693645730883;0.765;0.75;1;1;2;1;1;2;0.01;LBFGSB;False;-7.737673037992146;-1578.4852997503979;9.708171224120623;-12.7181725761429;-648.6268013832879;12.955482218740032;-13.376116594645657;-682.1819463269285;8.84768428893664;-3.801434514945109;-193.87316026220057;3.620784109779575;-1.0549684662349197;-53.803391777980906;1.004143518709061
-4411.227692281663;0.3;0.8;0.15;0.05;0.2;0.1;0.1;0.3;0.765;0.75;1;1;2;1;1;3;0.1;LBFGSB;False;-21.623665158243444;-4411.227692281663;36.28736900155983;-31.078055948925748;-1584.9808533952132;28.28108957040074;-46.92807346536001;-2393.3317467333604;55.37068283215031;-6.516397501969337;-332.3362726004362;7.141662253618354;-1.9721337167186743;-100.57881955265239;2.499180437131169
-2089.4709731764037;0.30160097349997533;0.7902243879434484;0.11790228226638366;0.043952636010414006;0.18660476463603795;0.09371196897722266;0.1121493756348851;0.28020583758435097;0.765;0.75;1;1;2;1;1;3;0.05;LBFGSB;False;-10.242504770472568;-2089.4709731764037;16.90160690759919;-19.512434222669178;-995.1341453561281;27.31237297462211;-16.499016258234647;-841.449829169967;11.488635423176962;-3.973021019669121;-202.62407200312518;3.7215029452540143;-0.9855475813173175;-50.26292664718319;0.8831804596443421
-1432.7648047680823;0.2891968889867613;0.7989015408392144;0.1;0.05571210578965871;0.20053059049590483;0.10034157915999789;0.0939555247652477;0.30325685577239586;0.765;0.75;1;1;2;1;1;3;0.01;LBFGSB;False;-7.023356886118051;-1432.7648047680823;8.509284245748281;-11.995925360413873;-611.7921933811075;11.473102408774963;-11.549981578838743;-589.0490605207759;7.2450215639688045;-3.5440065389635547;-180.7443334871413;3.337066309736664;-1.0035140662560265;-51.17921737905735;0.9011608320224347
-4411.227692281663;0.3;0.8;0.15;0.05;0.2;0.1;0.1;0.3;0.765;0.75;1;1;2;1;1;4;0.1;LBFGSB;False;-21.623665158243444;-4411.227692281663;36.28736900155983;-31.078055948925748;-1584.9808533952132;28.28108957040074;-46.92807346536001;-2393.3317467333604;55.37068283215031;-6.516397501969337;-332.3362726004362;7.141662253618354;-1.9721337167186743;-100.57881955265239;2.499180437131169
-2056.0785681087777;0.30242157333781516;0.7900328546517968;0.11837133020413085;0.044494876662381326;0.18647787486808015;0.0936530103286196;0.11205697487227866;0.27998966014545884;0.765;0.75;1;1;2;1;1;4;0.05;LBFGSB;False;-10.078816510337147;-2056.0785681087777;16.4835105301575;-19.089536060930854;-973.5663391074735;26.535350839017863;-16.293222868593645;-830.9543662982759;11.326010117607389;-3.9469595305067697;-201.29493605584526;3.679945310936273;-0.9855475813173175;-50.26292664718319;0.8831804596443421
-1457.727878005463;0.2887349036025662;0.7983840402100845;0.1;0.05499668705341451;0.20065929967142726;0.10033207204235521;0.09403362936218188;0.303624571023372;0.765;0.75;1;1;2;1;1;4;0.01;LBFGSB;False;-7.145724892183642;-1457.727878005463;8.79045559363328;-12.233186060377157;-623.892489079235;11.98340209039617;-11.802192903137831;-601.9118380600294;7.434670518100384;-3.5440065389635547;-180.7443334871413;3.337066309736664;-1.0035140662560265;-51.17921737905735;0.9011608320224347
-4411.227692281663;0.3;0.8;0.15;0.05;0.2;0.1;0.1;0.3;0.765;0.75;1;1;2;1;1;5;0.1;LBFGSB;False;-21.623665158243444;-4411.227692281663;36.28736900155983;-31.078055948925748;-1584.9808533952132;28.28108957040074;-46.92807346536001;-2393.3317467333604;55.37068283215031;-6.516397501969337;-332.3362726004362;7.141662253618354;-1.9721337167186743;-100.57881955265239;2.499180437131169
-2044.7436192808545;0.3030745457671006;0.7901250922824946;0.11876267115518385;0.0447847054871949;0.1864256321319724;0.0936213034221788;0.11201912124660787;0.27991047474805386;0.765;0.75;1;1;2;1;1;5;0.05;LBFGSB;False;-10.023253035690464;-2044.7436192808545;16.388032589818422;-19.04093951599296;-971.0879153156409;26.41204058755175;-16.147944539488062;-823.5451715138911;11.173949238184283;-3.9226518660572;-200.0552451689172;3.639328213005854;-0.9814762212236264;-50.05528728240495;0.878140748707526
-1399.69960808927;0.29022934237143566;0.7992483858463372;0.1;0.056869141866012315;0.1996828506409362;0.09983199504779211;0.09608354032158849;0.30227039512495196;0.765;0.75;1;1;2;1;1;5;0.01;LBFGSB;False;-6.861272588672892;-1399.69960808927;8.266389148801094;-11.87164610091869;-605.4539511468532;11.236769646148634;-11.08823842954051;-565.5001599065661;6.838062246724713;-3.4996582429150482;-178.48257038866745;3.2761234437875686;-0.9855475813173175;-50.26292664718319;0.8831804596443421
-4411.227692281663;0.3;0.8;0.15;0.05;0.2;0.1;0.1;0.3;0.765;0.75;1;1;2;1;2;2;0.1;LBFGSB;False;-21.623665158243444;-4411.227692281663;36.28736900155983;-31.078055948925748;-1584.9808533952132;28.28108957040074;-46.92807346536001;-2393.3317467333604;55.37068283215031;-6.516397501969337;-332.3362726004362;7.141662253618354;-1.9721337167186743;-100.57881955265239;2.499180437131169
-2226.72972947824;0.30052086449612964;0.7923701513865086;0.11777520913122609;0.042060677956536376;0.18735907835537455;0.09413307044657804;0.11226963976350345;0.2813814633100442;0.765;0.75;1;1;2;1;2;2;0.05;LBFGSB;False;-10.915341811167844;-2226.72972947824;18.972269912856675;-21.52848901186433;-1097.952939605081;31.45125695185508;-17.08512139977159;-871.3411913883511;11.813286291708957;-4.043286096893751;-206.2075909415813;3.754349026590081;-1.0044707361417016;-51.22800754322678;0.895589319228955
-1473.91988757138;0.28852737443763843;0.7981863461952743;0.1;0.05485575899091345;0.20130717370313067;0.09459479805713916;0.09408753681476884;0.3039879095780805;0.765;0.75;1;1;2;1;2;2;0.01;LBFGSB;False;-7.225097488095;-1473.91988757138;8.763889409184207;-12.15895827268644;-620.1068719070084;11.851977096965474;-11.91356374229014;-607.5917508567971;7.527439906297614;-3.7728994711685044;-192.41787302959372;3.573534958082247;-1.0549684662349197;-53.803391777980906;1.004143518709061
-4411.227692281663;0.3;0.8;0.15;0.05;0.2;0.1;0.1;0.3;0.765;0.75;1;1;2;1;2;3;0.1;LBFGSB;False;-21.623665158243444;-4411.227692281663;36.28736900155983;-31.078055948925748;-1584.9808533952132;28.28108957040074;-46.92807346536001;-2393.3317467333604;55.37068283215031;-6.516397501969337;-332.3362726004362;7.141662253618354;-1.9721337167186743;-100.57881955265239;2.499180437131169
-2110.5121871539327;0.3016674619482837;0.7907443070498895;0.11801585115384916;0.043699628114273595;0.18674647519610954;0.09382878897552574;0.11218938724075979;0.28042954551928984;0.765;0.75;1;1;2;1;2;3;0.05;LBFGSB;False;-10.345647976244768;-2110.5121871539327;17.31319858909912;-19.94183269011166;-1017.0334671956947;28.19160884075363;-16.50825210304332;-841.9208572552092;11.457723307074057;-3.9469595305067697;-201.29493605584526;3.679945310936273;-0.9855475813173175;-50.26292664718319;0.8831804596443421
-1383.9409152735748;0.29090584350110477;0.7995586383587316;0.1;0.05767599501733914;0.20022080058499173;0.09622099050155064;0.09566467148747246;0.3022447766161177;0.765;0.75;1;1;2;1;2;3;0.01;LBFGSB;False;-6.7840240944783075;-1383.9409152735748;8.089236501097044;-11.749512244787164;-599.2251244841453;10.961261792476511;-10.80474655590788;-551.0420743513018;6.649843993776134;-3.5962899959008747;-183.41078979094462;3.462229844196472;-0.9855475813173175;-50.26292664718319;0.8831804596443421
-4411.227692281663;0.3;0.8;0.15;0.05;0.2;0.1;0.1;0.3;0.765;0.75;1;1;2;1;2;4;0.1;LBFGSB;False;-21.623665158243444;-4411.227692281663;36.28736900155983;-31.078055948925748;-1584.9808533952132;28.28108957040074;-46.92807346536001;-2393.3317467333604;55.37068283215031;-6.516397501969337;-332.3362726004362;7.141662253618354;-1.9721337167186743;-100.57881955265239;2.499180437131169
-2077.1718300766015;0.30258550065133516;0.7904399060428976;0.11849835586671127;0.04428525016925214;0.18667865360166996;0.09378075794721732;0.11215993637184264;0.2803329046697609;0.765;0.75;1;1;2;1;2;4;0.05;LBFGSB;False;-10.182214853316674;-2077.1718300766015;16.92549182263716;-19.57521052889935;-998.3357369738669;27.505139279148104;-16.249520797086518;-828.7255606514125;11.245633669402322;-3.9226518660572;-200.0552451689172;3.639328213005854;-0.9814762212236264;-50.05528728240495;0.878140748707526
-1832.2846532706794;0.323341559500567;0.8083729337531091;0.13724232842548684;0.05010353520675234;0.1919434264689896;0.11194966018626194;0.11612581219540133;0.2881997678650355;0.765;0.75;1;1;2;1;2;4;0.01;LBFGSB;False;-8.981787516032743;-1832.2846532706794;12.59955386893932;-14.237826767378152;-726.1291651362858;16.7019209321635;-16.927969521897378;-863.3264456167663;12.682451738138724;-3.7728994711685044;-192.41787302959372;3.573534958082247;-0.9884543036869234;-50.411169488033096;0.7952900003075535
-4411.227692281663;0.3;0.8;0.15;0.05;0.2;0.1;0.1;0.3;0.765;0.75;1;1;2;1;2;5;0.1;LBFGSB;False;-21.623665158243444;-4411.227692281663;36.28736900155983;-31.078055948925748;-1584.9808533952132;28.28108957040074;-46.92807346536001;-2393.3317467333604;55.37068283215031;-6.516397501969337;-332.3362726004362;7.141662253618354;-1.9721337167186743;-100.57881955265239;2.499180437131169
-2068.912783919761;0.3032662950875389;0.7904210580530335;0.11890350709061238;0.0445505719456665;0.18676351205744365;0.09382833751504699;0.1121201162319557;0.28042709280937816;0.765;0.75;1;1;2;1;2;5;0.05;LBFGSB;False;-10.141729332940004;-2068.912783919761;16.875521760809267;-19.55151006512426;-997.1270133213372;27.453217512401665;-16.134689423834775;-822.8691606155735;11.149844780372234;-3.899241621577348;-198.86132270044476;3.609041872568005;-0.9814762212236264;-50.05528728240495;0.878140748707526
-1363.276897475926;0.293530308884443;0.7969832515900307;0.1;0.05910672832031534;0.1976236375748657;0.09787144408900439;0.09810229288397644;0.2986746165378963;0.765;0.75;1;1;2;1;2;5;0.01;LBFGSB;False;-6.682729889587873;-1363.276897475926;8.684353192913353;-12.77693332433929;-651.6235995413037;13.113377421764808;-9.537708229491201;-486.4231197040513;5.510559968017191;-3.435134286731959;-175.19184862332992;3.213046643700095;-0.9811437177890394;-50.03832960724101;0.8222987997743735
-4411.227692281663;0.3;0.8;0.15;0.05;0.2;0.1;0.1;0.3;0.765;0.75;1;1;2;2;1;2;0.1;LBFGSB;False;-21.623665158243444;-4411.227692281663;36.28736900155983;-31.078055948925748;-1584.9808533952132;28.28108957040074;-46.92807346536001;-2393.3317467333604;55.37068283215031;-6.516397501969337;-332.3362726004362;7.141662253618354;-1.9721337167186743;-100.57881955265239;2.499180437131169
-2586.307562124217;0.30574348995687417;0.7717344562402276;0.1289226358586541;0.035342305998714;0.18187817319743285;0.10474589853456219;0.09151183432513767;0.2726917313465358;0.765;0.75;1;1;2;2;1;2;0.05;LBFGSB;False;-12.677978245706946;-2586.307562124217;20.650234652630434;-20.52133449018031;-1046.5880589991957;29.43271961125705;-24.83262433883782;-1266.463841280729;20.213660597719638;-4.146470962849017;-211.47001910529988;3.9748444421794145;-1.2114831909606372;-61.7856427389925;1.2375515486764805
-1429.9216845823544;0.28858146179698535;0.7984961255659332;0.1;0.05592269748716438;0.20074908609410436;0.09569139469906027;0.10071825174898953;0.3033556536377026;0.765;0.75;1;1;2;2;1;2;0.01;LBFGSB;False;-7.009420022462521;-1429.9216845823544;8.081528747187177;-11.233011489391522;-572.8835859589676;9.861072261224697;-12.039227921621002;-614.0006240026711;7.786196652645345;-3.7728994711685044;-192.41787302959372;3.573534958082247;-0.9925412076690575;-50.619601591121935;0.8905518975572497
-4411.227692281663;0.3;0.8;0.15;0.05;0.2;0.1;0.1;0.3;0.765;0.75;1;1;2;2;1;3;0.1;LBFGSB;False;-21.623665158243444;-4411.227692281663;36.28736900155983;-31.078055948925748;-1584.9808533952132;28.28108957040074;-46.92807346536001;-2393.3317467333604;55.37068283215031;-6.516397501969337;-332.3362726004362;7.141662253618354;-1.9721337167186743;-100.57881955265239;2.499180437131169
-2105.576439336512;0.30188649777058363;0.7908229842918345;0.11796118040839783;0.04362636774714289;0.18665551560382998;0.10856972006754541;0.0938437772212932;0.28031679101741225;0.765;0.75;1;1;2;2;1;3;0.05;LBFGSB;False;-10.32145313400251;-2105.576439336512;17.890884094705765;-20.52597620138597;-1046.8247862706844;29.502874956885996;-16.27653568193002;-830.103319778431;11.194605538956665;-3.4990185325755174;-178.4499451613514;3.2312502949541946;-0.9842821201185418;-50.19838812604563;0.9118425187476339
-1375.1115549943506;0.2914699779866517;0.7994849566773488;0.1;0.05804170235552655;0.1992530814639478;0.09775804030281368;0.10020240967360962;0.3014002396576716;0.765;0.75;1;1;2;2;1;3;0.01;LBFGSB;False;-6.740742916638974;-1375.1115549943506;8.157274082525332;-11.924503074590705;-608.1496568041259;11.373054170925231;-10.499638289414056;-535.4815527601169;6.380671467591269;-3.5440065389635547;-180.7443334871413;3.337066309736664;-0.9948237635875753;-50.73601194296634;0.8566017403971928
-4411.227692281663;0.3;0.8;0.15;0.05;0.2;0.1;0.1;0.3;0.765;0.75;1;1;2;2;1;4;0.1;LBFGSB;False;-21.623665158243444;-4411.227692281663;36.28736900155983;-31.078055948925748;-1584.9808533952132;28.28108957040074;-46.92807346536001;-2393.3317467333604;55.37068283215031;-6.516397501969337;-332.3362726004362;7.141662253618354;-1.9721337167186743;-100.57881955265239;2.499180437131169
-2078.0587633064283;0.30271085543029874;0.7905912968698356;0.11839634223536905;0.04417205155381745;0.18659893669222966;0.10850409543484495;0.09382346959905435;0.2802279841899121;0.765;0.75;1;1;2;2;1;4;0.05;LBFGSB;False;-10.18656256522759;-2078.0587633064283;17.48956692536102;-20.1804800797605;-1029.2044840677854;28.762282378630985;-16.0552872860809;-818.819651590126;11.03580803527085;-3.4990185325755174;-178.4499451613514;3.2312502949541946;-1.0114643624934416;-51.58468248716552;0.9027128578422566
-1080.8341859582097;0.31100692990319617;0.8250255660504517;0.1;0.07699220085568542;0.1762643311936105;0.10552055267246797;0.08926988447858512;0.26621510818471966;0.765;0.75;1;1;2;2;1;4;0.01;LBFGSB;False;-5.298206793912793;-1080.8341859582097;8.857622871745582;-13.293056457806697;-677.9458793481416;14.603327357788663;-4.508784397575579;-229.9480042763545;2.193974902656319;-2.26966307163434;-115.75281665335133;1.9512873867879288;-1.1213232486345535;-57.18748568036223;0.8902086258556666
-4411.227692281663;0.3;0.8;0.15;0.05;0.2;0.1;0.1;0.3;0.765;0.75;1;1;2;2;1;5;0.1;LBFGSB;False;-21.623665158243444;-4411.227692281663;36.28736900155983;-31.078055948925748;-1584.9808533952132;28.28108957040074;-46.92807346536001;-2393.3317467333604;55.37068283215031;-6.516397501969337;-332.3362726004362;7.141662253618354;-1.9721337167186743;-100.57881955265239;2.499180437131169
-2042.9538856575614;0.30286917027169935;0.7900582424001016;0.1184050192138743;0.04462063133412619;0.18643031440871938;0.108432446420805;0.09375870377494926;0.27999416832039653;0.765;0.75;1;1;2;2;1;5;0.05;LBFGSB;False;-10.014479831654713;-2042.9538856575614;16.879719302384675;-19.582295170115575;-998.6970536758943;27.502939151054495;-15.995245770067262;-815.7575342734303;10.992307471399304;-3.475907650294309;-177.27129016500976;3.226342752256318;-1.0044707361417016;-51.22800754322678;0.895589319228955
-1447.7689517547715;0.2944828265607852;0.8007590631868154;0.1;0.05804373046540898;0.19898740937385645;0.0997220535525708;0.10000251389168745;0.3002471824492649;0.765;0.75;1;1;2;2;1;5;0.01;LBFGSB;False;-7.09690662624888;-1447.7689517547715;11.352616810669554;-15.48682318508915;-789.8279824395466;18.907899119725382;-8.699073713196729;-443.6527593730331;4.828789748780042;-3.230385414167254;-164.74965612252996;2.9339300553605847;-0.9713441925423844;-49.5385538196616;0.8146704970048942
-4411.227692281663;0.3;0.8;0.15;0.05;0.2;0.1;0.1;0.3;0.765;0.75;1;1;2;2;2;2;0.1;LBFGSB;False;-21.623665158243444;-4411.227692281663;36.28736900155983;-31.078055948925748;-1584.9808533952132;28.28108957040074;-46.92807346536001;-2393.3317467333604;55.37068283215031;-6.516397501969337;-332.3362726004362;7.141662253618354;-1.9721337167186743;-100.57881955265239;2.499180437131169
-2574.645060771969;0.30574987565505374;0.7718202386304301;0.12896863365357358;0.03541973565589451;0.181995547366145;0.10479206725364795;0.10811430233163717;0.27287427994981533;0.765;0.75;1;1;2;2;2;2;0.05;LBFGSB;False;-12.62080912143122;-2574.645060771969;20.515393822766015;-20.330097342246724;-1036.8349644545829;29.03110866801593;-24.852186502330813;-1267.4615116188716;20.265958260674672;-4.203453710199298;-214.37613922016422;4.02602318684348;-1.0974989309480478;-55.97244547835044;1.0602216860213107
-1409.2586380810037;0.29337997822242134;0.7998423468038003;0.1;0.058101489263350486;0.1992765766206154;0.0982033906567534;0.09790416331003621;0.3011935983994753;0.765;0.75;1;1;2;2;2;2;0.01;LBFGSB;False;-6.90813057882845;-1409.2586380810037;9.81243929441474;-13.952609420523583;-711.5830804467028;15.585123338479223;-9.304408253831564;-474.5248209454098;5.30894055809585;-3.435134286731959;-175.19184862332992;3.213046643700095;-0.9403703542266896;-47.95888806556117;0.8298056258165146
-4411.227692281663;0.3;0.8;0.15;0.05;0.2;0.1;0.1;0.3;0.765;0.75;1;1;2;2;2;3;0.1;LBFGSB;False;-21.623665158243444;-4411.227692281663;36.28736900155983;-31.078055948925748;-1584.9808533952132;28.28108957040074;-46.92807346536001;-2393.3317467333604;55.37068283215031;-6.516397501969337;-332.3362726004362;7.141662253618354;-1.9721337167186743;-100.57881955265239;2.499180437131169
-2134.9007951517924;0.30180610364228716;0.7914892197727061;0.11811032130756854;0.04323826368592772;0.1868822022537348;0.10850512451158778;0.11215529108777089;0.28065277756905765;0.765;0.75;1;1;2;2;2;3;0.05;LBFGSB;False;-10.465199976234276;-2134.9007951517924;18.279787108569877;-20.90832771913715;-1066.3247136759946;30.2557323800528;-16.403497955703976;-836.5783957409028;11.310028041046854;-3.5776300375535923;-182.4591319152332;3.2739098228110066;-0.9713441925423844;-49.5385538196616;0.8146704970048942
-1483.2912223131661;0.29365432647123935;0.8005598428714873;0.1;0.056946813578130695;0.19888008117651276;0.09895256707439085;0.09834763991870583;0.30064181147499947;0.765;0.75;1;1;2;2;2;3;0.01;LBFGSB;False;-7.271035403495913;-1483.2912223131661;11.79987691736008;-15.871422699947924;-809.4425576973441;19.72760792024559;-8.964506679501158;-457.1898406545591;5.025067741076749;-3.298221823122613;-168.20931297925327;3.0430764483088897;-0.9499904114119541;-48.449510982009656;0.8275763311101912
-4411.227692281663;0.3;0.8;0.15;0.05;0.2;0.1;0.1;0.3;0.765;0.75;1;1;2;2;2;4;0.1;LBFGSB;False;-21.623665158243444;-4411.227692281663;36.28736900155983;-31.078055948925748;-1584.9808533952132;28.28108957040074;-46.92807346536001;-2393.3317467333604;55.37068283215031;-6.516397501969337;-332.3362726004362;7.141662253618354;-1.9721337167186743;-100.57881955265239;2.499180437131169
-2125.8227350922675;0.3027148168696549;0.7914931825645066;0.11867677567077639;0.043566277099900685;0.18704322327563175;0.10849033396024314;0.11214516496820129;0.2809049750916311;0.765;0.75;1;1;2;2;2;4;0.05;LBFGSB;False;-10.420699681824841;-2125.8227350922675;18.22358490852188;-20.892171807068475;-1065.5007621604923;30.217954360267765;-16.241652690134906;-828.3242871968802;11.146125097661683;-3.5776300375535923;-182.4591319152332;3.2739098228110066;-0.9713441925423844;-49.5385538196616;0.8146704970048942
-1778.0596076926386;0.32325014220648984;0.8093084128769064;0.1348311111932231;0.051693406538119074;0.19082254670304363;0.11228623853556749;0.11693992668061778;0.28752774516492374;0.765;0.75;1;1;2;2;2;4;0.01;LBFGSB;False;-8.715978469081561;-1778.0596076926386;12.754414976706041;-15.293414158853126;-779.9641221015095;18.883246059271325;-14.988408466005543;-764.4088317662827;10.628001940080605;-3.5962899959008747;-183.41078979094462;3.462229844196472;-0.9858012555667021;-50.275864033901804;0.7804325663050331
-4411.227692281663;0.3;0.8;0.15;0.05;0.2;0.1;0.1;0.3;0.765;0.75;1;1;2;2;2;5;0.1;LBFGSB;False;-21.623665158243444;-4411.227692281663;36.28736900155983;-31.078055948925748;-1584.9808533952132;28.28108957040074;-46.92807346536001;-2393.3317467333604;55.37068283215031;-6.516397501969337;-332.3362726004362;7.141662253618354;-1.9721337167186743;-100.57881955265239;2.499180437131169
-2087.8877930894564;0.30292719290038733;0.7909795399725881;0.1187171917331153;0.04404575809938355;0.1868339397731562;0.10841925725412171;0.11208141328412353;0.28059334959764365;0.765;0.75;1;1;2;2;2;5;0.05;LBFGSB;False;-10.234744083771846;-2087.8877930894564;17.571064840471873;-20.240487146885155;-1032.2648444911429;28.896225164367227;-16.149514958106245;-823.6252628634185;11.107120351637855;-3.5776300375535923;-182.4591319152332;3.2739098228110066;-0.9713441925423844;-49.5385538196616;0.8146704970048942
-1600.2327955270157;0.3140564919231346;0.8071831814218536;0.12669063319106807;0.05427019744834685;0.19281059671773962;0.10826646978627794;0.11159851755463279;0.29110013957548425;0.765;0.75;1;1;2;2;2;5;0.01;LBFGSB;False;-7.844278409446155;-1600.2327955270157;9.821463471904147;-11.28014606233653;-575.2874491791631;10.410998806660483;-15.363509134029737;-783.5389658355166;11.489744555996216;-3.7321261076061547;-190.33843148791388;3.564933658171853;-1.0013323338121993;-51.06794902442216;0.8080693367714696
-4411.227692281663;0.3;0.8;0.15;0.05;0.2;0.1;0.1;0.3;0.765;0.75;1;2;1;1;1;2;0.1;LBFGSB;False;-21.623665158243444;-4411.227692281663;36.28736900155983;-31.078055948925748;-1584.9808533952132;28.28108957040074;-46.92807346536001;-2393.3317467333604;55.37068283215031;-6.516397501969337;-332.3362726004362;7.141662253618354;-1.9721337167186743;-100.57881955265239;2.499180437131169
-2672.6136803828613;0.30398110448268467;0.7671742269533033;0.1286305047188643;0.03389311066717541;0.18036763365424846;0.09065950688732875;0.10754319163875642;0.2707467188265613;0.765;0.75;1;2;1;1;1;2;0.05;LBFGSB;False;-13.101047452857163;-2672.6136803828613;20.985746744370502;-20.139390960215273;-1027.108938970979;28.590805118894846;-26.308807482954162;-1341.7491816306622;22.03666400318918;-4.731922806981482;-241.32806315605555;4.678093410590316;-1.2240685612777429;-62.42749662516489;1.2589403130084449
-1604.434556436773;0.2844881074561059;0.7952872563290265;0.1;0.05045034800100157;0.19588379616742985;0.09753030675090942;0.09456752091559081;0.2993530504909504;0.765;0.75;1;2;1;1;1;2;0.01;LBFGSB;False;-7.864875276650848;-1604.434556436773;9.814181942960504;-12.562913695933457;-640.7085984926063;12.518427933149141;-14.068719473266516;-717.5046931365923;9.544885020456697;-3.7728994711685044;-192.41787302959372;3.573534958082247;-1.0549684662349197;-53.803391777980906;1.004143518709061
-4411.227692281663;0.3;0.8;0.15;0.05;0.2;0.1;0.1;0.3;0.765;0.75;1;2;1;1;1;3;0.1;LBFGSB;False;-21.623665158243444;-4411.227692281663;36.28736900155983;-31.078055948925748;-1584.9808533952132;28.28108957040074;-46.92807346536001;-2393.3317467333604;55.37068283215031;-6.516397501969337;-332.3362726004362;7.141662253618354;-1.9721337167186743;-100.57881955265239;2.499180437131169
-2202.649461556051;0.30083812640826085;0.7917123041256421;0.11944874106163038;0.04169880907871524;0.18705821533912398;0.09370997281379326;0.11172983554142268;0.28162819074006223;0.765;0.75;1;2;1;1;1;3;0.05;LBFGSB;False;-10.797301282137505;-2202.649461556051;17.489792860897406;-19.59485169895246;-999.3374366465755;27.475598374401585;-18.436418104255097;-940.25732331701;13.276225849597896;-4.1600620840364675;-212.16316628585983;3.9641840502469092;-0.9978732413059916;-50.891535306605576;0.9247972667586014
-1503.0595994251667;0.28788044202996665;0.7941933147956092;0.1;0.053730965888752764;0.19575023638696623;0.09699711921175655;0.11461099642616028;0.2997920626066962;0.765;0.75;1;2;1;1;1;3;0.01;LBFGSB;False;-7.367939212868464;-1503.0595994251667;9.140983159326385;-12.460645705018763;-635.4929309559569;12.45925840980878;-12.26541438525099;-625.5361336478005;7.8624142399049255;-3.7728994711685044;-192.41787302959372;3.573534958082247;-0.9727972900355947;-49.61266179181533;0.8163266139225157
-4411.227692281663;0.3;0.8;0.15;0.05;0.2;0.1;0.1;0.3;0.765;0.75;1;2;1;1;1;4;0.1;LBFGSB;False;-21.623665158243444;-4411.227692281663;36.28736900155983;-31.078055948925748;-1584.9808533952132;28.28108957040074;-46.92807346536001;-2393.3317467333604;55.37068283215031;-6.516397501969337;-332.3362726004362;7.141662253618354;-1.9721337167186743;-100.57881955265239;2.499180437131169
-2158.878781637008;0.3015383743420995;0.7918703649815665;0.11987495537664067;0.04229881192475007;0.18658340302375262;0.09349161194469612;0.11152832228777339;0.28086323223119847;0.765;0.75;1;2;1;1;1;4;0.05;LBFGSB;False;-10.582739125671608;-2158.878781637008;16.889759649535026;-18.99990729986602;-968.9952722931671;26.274114083296105;-18.207411913846766;-928.578007606185;13.113465114114689;-4.1257640476676585;-210.41396643105057;3.9194514350646235;-0.9978732413059916;-50.891535306605576;0.9247972667586014
-1494.1632279576593;0.2879400188617193;0.7996700688052939;0.1;0.053973956096810986;0.1978174572573771;0.09816833610546755;0.0959648577859869;0.3024584184534112;0.765;0.75;1;2;1;1;1;4;0.01;LBFGSB;False;-7.324329548812055;-1494.1632279576593;9.146213940858004;-12.573321884717183;-641.2394161205764;12.651550406041203;-12.04622045373559;-614.357243140515;7.658835089000599;-3.674261790539419;-187.38735131751037;3.4579570703827227;-1.0035140662560265;-51.17921737905735;0.9011608320224347
-4411.227692281663;0.3;0.8;0.15;0.05;0.2;0.1;0.1;0.3;0.765;0.75;1;2;1;1;1;5;0.1;LBFGSB;False;-21.623665158243444;-4411.227692281663;36.28736900155983;-31.078055948925748;-1584.9808533952132;28.28108957040074;-46.92807346536001;-2393.3317467333604;55.37068283215031;-6.516397501969337;-332.3362726004362;7.141662253618354;-1.9721337167186743;-100.57881955265239;2.499180437131169
-2122.1920028832633;0.30202335545310394;0.7917881044292098;0.12014950059586677;0.042830340296193654;0.18625439700064852;0.09336078229575168;0.11136725022473475;0.2802743335460301;0.765;0.75;1;2;1;1;1;5;0.05;LBFGSB;False;-10.402901974917958;-2122.1920028832633;16.334296080362716;-18.415248613665156;-939.177679296923;25.06036274095901;-18.045539754658126;-920.3225274875643;13.15526557716817;-4.1257640476676585;-210.41396643105057;3.9194514350646235;-1.0250554836808916;-52.27782966772547;0.9153932679571971
-1479.5428885951108;0.28831649989386354;0.7993075387371147;0.1;0.05450667197848534;0.19735942744151527;0.09768101942968863;0.09604807656921437;0.30228280313852546;0.765;0.75;1;2;1;1;1;5;0.01;LBFGSB;False;-7.2526612186034844;-1479.5428885951108;8.9601071390202;-12.387652570683457;-631.7702811048563;12.296668061116293;-11.945216446935037;-609.2060387936868;7.5439699803541735;-3.674261790539419;-187.38735131751037;3.4579570703827227;-1.0035140662560265;-51.17921737905735;0.9011608320224347
-4411.227692281663;0.3;0.8;0.15;0.05;0.2;0.1;0.1;0.3;0.765;0.75;1;2;1;1;2;2;0.1;LBFGSB;False;-21.623665158243444;-4411.227692281663;36.28736900155983;-31.078055948925748;-1584.9808533952132;28.28108957040074;-46.92807346536001;-2393.3317467333604;55.37068283215031;-6.516397501969337;-332.3362726004362;7.141662253618354;-1.9721337167186743;-100.57881955265239;2.499180437131169
-2649.34826408749;0.30409576840556696;0.7678442505634437;0.12880952933900022;0.03412587236337025;0.1806203706982762;0.09084131451128659;0.10760181846499282;0.27113875565585954;0.765;0.75;1;2;1;1;2;2;0.05;LBFGSB;False;-12.98700129454652;-2649.34826408749;20.636602882729363;-19.642273015077556;-1001.7559237689554;27.59502299303147;-26.3497407948493;-1343.8367805373143;22.116834663932245;-4.731922806981482;-241.32806315605555;4.678093410590316;-1.2240685612777429;-62.42749662516489;1.2589403130084449
-1511.104044261103;0.287422833851313;0.7942224364034479;0.1;0.05346472630379408;0.19568259420485737;0.09709078484036036;0.09578052685534263;0.30018718153108187;0.765;0.75;1;2;1;1;2;2;0.01;LBFGSB;False;-7.407372765985799;-1511.104044261103;9.084083188656171;-12.28465261057341;-626.5172831392439;12.074890712110482;-12.578052817836822;-641.4806937096779;8.135992640363051;-3.7449167975285014;-190.99075667395357;3.5384794931583694;-1.0218688380044645;-52.11531073822769;0.9230576474751786
-4411.227692281663;0.3;0.8;0.15;0.05;0.2;0.1;0.1;0.3;0.765;0.75;1;2;1;1;2;3;0.1;LBFGSB;False;-21.623665158243444;-4411.227692281663;36.28736900155983;-31.078055948925748;-1584.9808533952132;28.28108957040074;-46.92807346536001;-2393.3317467333604;55.37068283215031;-6.516397501969337;-332.3362726004362;7.141662253618354;-1.9721337167186743;-100.57881955265239;2.499180437131169
-2188.6958663740634;0.3007383337311324;0.791723066234291;0.11931351233675361;0.04182575260226015;0.1868218275440934;0.09366037598399239;0.11176731821123038;0.2812710891930947;0.765;0.75;1;2;1;1;2;3;0.05;LBFGSB;False;-10.728901305755212;-2188.6958663740634;17.32700359464266;-19.418358173163128;-990.3362668313196;27.15388476934719;-18.373609760884072;-937.0540978050877;13.232794482531485;-4.1257640476676585;-210.41396643105057;3.9194514350646235;-0.9978732413059916;-50.891535306605576;0.9247972667586014
-1749.1381999514585;0.312655162565792;0.8058347837933887;0.1301741950429743;0.051314537944252295;0.19335781552883222;0.09657514962989541;0.11029788106187619;0.2924907386966656;0.765;0.75;1;2;1;1;2;3;0.01;LBFGSB;False;-8.57420686250715;-1749.1381999514585;11.257066011457097;-9.76588692321132;-498.0602330837774;7.276919155406097;-19.11895758900049;-975.066837039025;15.753652507393388;-4.33778252544438;-221.2269087976634;4.237870274108388;-1.0742004123724047;-54.78422103099264;0.9930857970681188
-4411.227692281663;0.3;0.8;0.15;0.05;0.2;0.1;0.1;0.3;0.765;0.75;1;2;1;1;2;4;0.1;LBFGSB;False;-21.623665158243444;-4411.227692281663;36.28736900155983;-31.078055948925748;-1584.9808533952132;28.28108957040074;-46.92807346536001;-2393.3317467333604;55.37068283215031;-6.516397501969337;-332.3362726004362;7.141662253618354;-1.9721337167186743;-100.57881955265239;2.499180437131169
-2206.454489458767;0.30203714337808;0.7922340243674725;0.12013894905733694;0.04190278542549568;0.18723502229200492;0.09382810034833272;0.11180873196102045;0.28192771356422414;0.765;0.75;1;2;1;1;2;4;0.05;LBFGSB;False;-10.815953379699838;-2206.454489458767;17.871349676380063;-20.059269176612485;-1023.0227280072367;28.566902039276854;-18.080907053213224;-922.1262597138744;12.879578629039596;-4.1257640476676585;-210.41396643105057;3.9194514350646235;-0.9978732413059916;-50.891535306605576;0.9247972667586014
-1416.1399626613356;0.29185659328694924;0.8017776305296304;0.1;0.05722825246814194;0.19602783046826963;0.09748559670617102;0.09828343131413149;0.2987610767497284;0.765;0.75;1;2;1;1;2;4;0.01;LBFGSB;False;-6.941862562065371;-1416.1399626613356;9.326808565308818;-13.32352046731381;-679.4995438330043;14.278618684648594;-10.041955988676301;-512.1397554224914;5.88421395058324;-3.4480123168572345;-175.84862815971897;3.216031197381749;-0.9539614754141396;-48.652035246121116;0.8447272947575863
-4411.227692281663;0.3;0.8;0.15;0.05;0.2;0.1;0.1;0.3;0.765;0.75;1;2;1;1;2;5;0.1;LBFGSB;False;-21.623665158243444;-4411.227692281663;36.28736900155983;-31.078055948925748;-1584.9808533952132;28.28108957040074;-46.92807346536001;-2393.3317467333604;55.37068283215031;-6.516397501969337;-332.3362726004362;7.141662253618354;-1.9721337167186743;-100.57881955265239;2.499180437131169
-2169.8444843415077;0.30229291278951725;0.7917327004642899;0.12017934819831444;0.04238297075543378;0.18701595883493263;0.09372801961883459;0.1117925147458839;0.28159865040635573;0.765;0.75;1;2;1;1;2;5;0.05;LBFGSB;False;-10.636492570301508;-2169.8444843415077;17.360754661245856;-19.57521052889935;-998.3357369738669;27.505139279148104;-17.84712246333303;-910.2032456299845;12.870382382343799;-4.1257640476676585;-210.41396643105057;3.9194514350646235;-0.9978732413059916;-50.891535306605576;0.9247972667586014
-1440.314159089039;0.29295882507882004;0.7912119920216382;0.1;0.05720002229784032;0.18661466639815788;0.09211795340747;0.1099656447056965;0.29717775527809426;0.765;0.75;1;2;1;1;2;5;0.01;LBFGSB;False;-7.06036352494627;-1440.314159089039;9.940623821122145;-13.979674803757433;-712.9634149916291;15.696431177652244;-9.804611560581163;-500.0351895896393;5.672755179062143;-3.4996582429150482;-178.48257038866745;3.2761234437875686;-0.9575094925314334;-48.8329841191031;0.8010647017209792
-4411.227692281663;0.3;0.8;0.15;0.05;0.2;0.1;0.1;0.3;0.765;0.75;1;2;1;2;1;2;0.1;LBFGSB;False;-21.623665158243444;-4411.227692281663;36.28736900155983;-31.078055948925748;-1584.9808533952132;28.28108957040074;-46.92807346536001;-2393.3317467333604;55.37068283215031;-6.516397501969337;-332.3362726004362;7.141662253618354;-1.9721337167186743;-100.57881955265239;2.499180437131169
-1813.24162789529;0.30455418446266;0.7866033359912231;0.1238332517412558;0.04859485955784787;0.18559658762364012;0.09329269422161673;0.09351844305793226;0.279136198893667;0.765;0.75;1;2;1;2;1;2;0.05;LBFGSB;False;-8.888439352427893;-1813.24162789529;11.860904549561228;-9.992404740052242;-509.6126417426643;7.456861837266209;-20.125742096349125;-1026.4128469138054;16.74108359054545;-4.246073099523511;-216.54972807569905;4.140581873237314;-1.189537473786699;-60.66641116312165;1.179310536651663
-1492.1803663501628;0.2880370419653875;0.7992949520042268;0.1;0.0540397200128692;0.1988130363607517;0.10040704068593748;0.10079185272060714;0.30271885166912194;0.765;0.75;1;2;1;2;1;2;0.01;LBFGSB;False;-7.314609638971386;-1492.1803663501628;9.157861882896201;-12.598539828008743;-642.5255312284459;12.707020669505985;-12.00803965225748;-612.4100222651315;7.610283884139917;-3.674261790539419;-187.38735131751037;3.4579570703827227;-0.9775972850799026;-49.85746153907503;0.8748790250995485
-4411.227692281663;0.3;0.8;0.15;0.05;0.2;0.1;0.1;0.3;0.765;0.75;1;2;1;2;1;3;0.1;LBFGSB;False;-21.623665158243444;-4411.227692281663;36.28736900155983;-31.078055948925748;-1584.9808533952132;28.28108957040074;-46.92807346536001;-2393.3317467333604;55.37068283215031;-6.516397501969337;-332.3362726004362;7.141662253618354;-1.9721337167186743;-100.57881955265239;2.499180437131169
-2179.721370445389;0.3010593914418763;0.7911420412868443;0.11902993195698447;0.042189976010671475;0.18649241054390908;0.09368926313942184;0.09402739886886365;0.28086592768326074;0.765;0.75;1;2;1;2;1;3;0.05;LBFGSB;False;-10.684908678653867;-2179.721370445389;17.526641460131234;-19.810600117208907;-1010.3406059776543;27.94048711341518;-17.864515258772137;-911.090278197379;12.706824879062971;-3.9469595305067697;-201.29493605584526;3.679945310936273;-1.1175598081276548;-56.995550214510395;1.1389948832280077
-1432.3375161683814;0.2923331136309115;0.7982900444216782;0.1;0.057097012388075824;0.1965571711295195;0.09924540325332683;0.09998802962192196;0.2994115477653806;0.765;0.75;1;2;1;2;1;3;0.01;LBFGSB;False;-7.021262334158732;-1432.3375161683814;9.778069956989494;-13.822118794486547;-704.9280585188139;15.334278466015162;-9.853646163979125;-502.53595436293534;5.71033487804494;-3.435134286731959;-175.19184862332992;3.213046643700095;-0.9741500914372997;-49.68165466330228;0.8179190093119563
-4411.227692281663;0.3;0.8;0.15;0.05;0.2;0.1;0.1;0.3;0.765;0.75;1;2;1;2;1;4;0.1;LBFGSB;False;-21.623665158243444;-4411.227692281663;36.28736900155983;-31.078055948925748;-1584.9808533952132;28.28108957040074;-46.92807346536001;-2393.3317467333604;55.37068283215031;-6.516397501969337;-332.3362726004362;7.141662253618354;-1.9721337167186743;-100.57881955265239;2.499180437131169
-2152.805833117503;0.30203833851022094;0.7910663634843325;0.11949957530007552;0.04271163262592767;0.18635641013123022;0.0936111208193236;0.09395796281151625;0.280656611438113;0.765;0.75;1;2;1;2;1;4;0.05;LBFGSB;False;-10.552969770183838;-2152.805833117503;17.36471010020707;-19.700091677952923;-1004.7046755755991;27.781157224540625;-17.518233495933455;-893.4299082926062;12.417298589687954;-3.899241621577348;-198.86132270044476;3.609041872568005;-1.0943122852716207;-55.80992654885266;1.096542548921516
-1396.2293890573244;0.29253918039180044;0.7995573500726731;0.1;0.05798194486073169;0.1904070292790235;0.09557052365338542;0.0990449310852077;0.2959513517806317;0.765;0.75;1;2;1;2;1;4;0.01;LBFGSB;False;-6.8442617110653154;-1396.2293890573244;9.073175960505612;-13.104771165260622;-668.3433294282918;13.814057364066182;-9.85599767447964;-502.6558813984617;5.761877176316754;-3.435134286731959;-175.19184862332992;3.213046643700095;-0.9811437177890394;-50.03832960724101;0.8222987997743735
-4411.227692281663;0.3;0.8;0.15;0.05;0.2;0.1;0.1;0.3;0.765;0.75;1;2;1;2;1;5;0.1;LBFGSB;False;-21.623665158243444;-4411.227692281663;36.28736900155983;-31.078055948925748;-1584.9808533952132;28.28108957040074;-46.92807346536001;-2393.3317467333604;55.37068283215031;-6.516397501969337;-332.3362726004362;7.141662253618354;-1.9721337167186743;-100.57881955265239;2.499180437131169
-2149.2479338392404;0.30233559468867843;0.7910517632051197;0.11970649949528293;0.042812891990970194;0.18651840776799664;0.09370510240069227;0.09404084466246962;0.28084742702094384;0.765;0.75;1;2;1;2;1;5;0.05;LBFGSB;False;-10.535529087447257;-2149.2479338392404;17.314245460312897;-19.665021466262296;-1002.9160947793771;27.69009107811581;-17.483540976677762;-891.660589810566;12.384032638155228;-3.899241621577348;-198.86132270044476;3.609041872568005;-1.0943122852716207;-55.80992654885266;1.096542548921516
-1427.2180610795394;0.2923982936155713;0.8043544956153783;0.1;0.05741871037104874;0.19201767820321386;0.09683843799934758;0.0994865530747872;0.2971664341408899;0.765;0.75;1;2;1;2;1;5;0.01;LBFGSB;False;-6.996166966076173;-1427.2180610795394;9.826991005287578;-13.892180007144484;-708.5011803643687;15.493998936552726;-9.683203478990952;-493.84337742853853;5.612623586132798;-3.435134286731959;-175.19184862332992;3.213046643700095;-0.9741500914372997;-49.68165466330228;0.8179190093119563
-4411.227692281663;0.3;0.8;0.15;0.05;0.2;0.1;0.1;0.3;0.765;0.75;1;2;1;2;2;2;0.1;LBFGSB;False;-21.623665158243444;-4411.227692281663;36.28736900155983;-31.078055948925748;-1584.9808533952132;28.28108957040074;-46.92807346536001;-2393.3317467333604;55.37068283215031;-6.516397501969337;-332.3362726004362;7.141662253618354;-1.9721337167186743;-100.57881955265239;2.499180437131169
-2682.983246810862;0.30444217400883317;0.7677570411466772;0.12862092083467788;0.03403257683161157;0.180306239486122;0.09077691851878136;0.10762279092878212;0.2707823462567602;0.765;0.75;1;2;1;2;2;2;0.05;LBFGSB;False;-13.151878660837559;-2682.983246810862;21.325978709579314;-20.771516165211896;-1059.3473244258066;29.93156391214614;-25.954958256903048;-1323.7028711020555;21.54683916771879;-4.669557030274658;-238.14740854400753;4.581767610980537;-1.2114831909606372;-61.7856427389925;1.2375515486764805
-1867.8495447577538;0.3241694263165316;0.8085377228939532;0.13915630297352583;0.049215551849330144;0.19159528623531366;0.11226201279223016;0.11652474742586776;0.2878637888032937;0.765;0.75;1;2;1;2;2;2;0.01;LBFGSB;False;-9.156125219400755;-1867.8495447577538;12.821428314850474;-13.9567624385562;-711.7948843663662;16.175028047199543;-17.824600611741293;-909.054631198806;13.731509671070251;-3.868987735868227;-197.31837452927957;3.6897278150664437;-0.9741500914372997;-49.68165466330228;0.8179190093119563
-4411.227692281663;0.3;0.8;0.15;0.05;0.2;0.1;0.1;0.3;0.765;0.75;1;2;1;2;2;3;0.1;LBFGSB;False;-21.623665158243444;-4411.227692281663;36.28736900155983;-31.078055948925748;-1584.9808533952132;28.28108957040074;-46.92807346536001;-2393.3317467333604;55.37068283215031;-6.516397501969337;-332.3362726004362;7.141662253618354;-1.9721337167186743;-100.57881955265239;2.499180437131169
-2214.554071806756;0.30108595652612485;0.7916658955520876;0.11913617000092697;0.04181020512370336;0.18677352561263658;0.09385642592760036;0.11192432025539727;0.28127760690077336;0.765;0.75;1;2;1;2;2;3;0.05;LBFGSB;False;-10.855657214738999;-2214.554071806756;18.085538290612803;-20.381502961878496;-1039.4566510558034;29.11616324681675;-17.917488608103845;-913.7919190132961;12.700389858563227;-4.1257640476676585;-210.41396643105057;3.9194514350646235;-0.9978732413059916;-50.891535306605576;0.9247972667586014
-1171.4992172711347;0.30707690320407094;0.8246045421163656;0.1;0.07252714762988553;0.17366048628676414;0.08740242799375478;0.10878964604438586;0.26710742862211556;0.765;0.75;1;2;1;2;2;3;0.01;LBFGSB;False;-5.742643221917327;-1171.4992172711347;9.701328815563501;-14.060620540869664;-717.0916475843528;16.19178349810414;-5.041298567025679;-257.10622691830963;2.6020548760679594;-2.765545382557157;-141.042814510415;2.5819003209520335;-1.1031083972168105;-56.25852825805734;0.8850680864034105
-4411.227692281663;0.3;0.8;0.15;0.05;0.2;0.1;0.1;0.3;0.765;0.75;1;2;1;2;2;4;0.1;LBFGSB;False;-21.623665158243444;-4411.227692281663;36.28736900155983;-31.078055948925748;-1584.9808533952132;28.28108957040074;-46.92807346536001;-2393.3317467333604;55.37068283215031;-6.516397501969337;-332.3362726004362;7.141662253618354;-1.9721337167186743;-100.57881955265239;2.499180437131169
-2197.2223181703107;0.30215578862626435;0.7916734492024176;0.11971697113921796;0.04225116705887473;0.18677978295519435;0.09381162979824104;0.11189954530303324;0.28132136414232267;0.765;0.75;1;2;1;2;2;4;0.05;LBFGSB;False;-10.770697638089759;-2197.2223181703107;18.04562851904882;-20.39254315818352;-1040.0197010673596;29.224421428957175;-17.539427862826958;-894.5108210041749;12.441208898461563;-4.1257640476676585;-210.41396643105057;3.9194514350646235;-1.0250554836808916;-52.27782966772547;0.9153932679571971
-1366.0427646907176;0.2926187901205078;0.798130887266087;0.1;0.05865421216145961;0.19263864444580028;0.09689845854356532;0.10088838733109846;0.29626919189739837;0.765;0.75;1;2;1;2;2;4;0.01;LBFGSB;False;-6.6962880622094;-1366.0427646907176;8.403984739042267;-12.397113654894133;-632.2527963996008;12.26168951849238;-9.965876185648932;-508.2596854680956;5.887544713244034;-3.4480123168572345;-175.84862815971897;3.216031197381749;-0.9741500914372997;-49.68165466330228;0.8179190093119563
-4411.227692281663;0.3;0.8;0.15;0.05;0.2;0.1;0.1;0.3;0.765;0.75;1;2;1;2;2;5;0.1;LBFGSB;False;-21.623665158243444;-4411.227692281663;36.28736900155983;-31.078055948925748;-1584.9808533952132;28.28108957040074;-46.92807346536001;-2393.3317467333604;55.37068283215031;-6.516397501969337;-332.3362726004362;7.141662253618354;-1.9721337167186743;-100.57881955265239;2.499180437131169
-2170.4819507451516;0.30233180543259397;0.7913426356959565;0.11975729791725746;0.04263837395774223;0.1865726536410833;0.09373649967095503;0.11185438935557906;0.2809582718393711;0.765;0.75;1;2;1;2;2;5;0.05;LBFGSB;False;-10.639617405613489;-2170.4819507451516;17.562759275640772;-19.91953366890826;-1015.8962171143213;28.204294412926103;-17.501707543384594;-892.5870847126142;12.40185859484952;-4.1257640476676585;-210.41396643105057;3.9194514350646235;-1.0114643624934416;-51.58468248716552;0.9027128578422566
-1434.6862069653762;0.28994678805826196;0.7987376505779042;0.1;0.05590084367490619;0.19315616879381936;0.09726887450911909;0.10002028523140044;0.2967274126661344;0.765;0.75;1;2;1;2;2;5;0.01;LBFGSB;False;-7.032775524340079;-1434.6862069653762;8.858116618265443;-12.573384214743118;-641.242594951899;12.650748705967864;-11.094793482240734;-565.8344675942774;6.769812389448171;-3.4996582429150482;-178.48257038866745;3.2761234437875686;-0.9632661574614164;-49.12657403053224;0.8601955783102749
-4411.227692281663;0.3;0.8;0.15;0.05;0.2;0.1;0.1;0.3;0.765;0.75;1;2;2;1;1;2;0.1;LBFGSB;False;-21.623665158243444;-4411.227692281663;36.28736900155983;-31.078055948925748;-1584.9808533952132;28.28108957040074;-46.92807346536001;-2393.3317467333604;55.37068283215031;-6.516397501969337;-332.3362726004362;7.141662253618354;-1.9721337167186743;-100.57881955265239;2.499180437131169
-2173.2152575720625;0.3020057418936308;0.7897303944528654;0.11617632025374373;0.044165687741355174;0.18520195627033947;0.09284943307540729;0.11332983398031532;0.2785896686496261;0.765;0.75;1;2;2;1;1;2;0.05;LBFGSB;False;-10.653015968490502;-2173.2152575720625;20.117908864019874;-23.10557148751993;-1178.3841458635166;34.681731544910555;-14.701056279364678;-749.7538702475986;9.532132292118163;-3.851474631663259;-196.4252062148262;3.5690367222313704;-0.9539614754141396;-48.652035246121116;0.8447272947575863
-1431.3364276730204;0.29347381908153775;0.8068294586776945;0.1;0.05792882484524954;0.1920368827057369;0.09503176229853216;0.10252269233329353;0.2957905282250182;0.765;0.75;1;2;2;1;1;2;0.01;LBFGSB;False;-7.016355037612845;-1431.3364276730204;10.604032412277725;-14.72466361345017;-750.9578442859587;17.32906154490569;-9.027520691313134;-460.40355525696987;5.071464682056589;-3.340438555652477;-170.36236633827633;3.0983440409146823;-0.9727972900355947;-49.61266179181533;0.8163266139225157
-4411.227692281663;0.3;0.8;0.15;0.05;0.2;0.1;0.1;0.3;0.765;0.75;1;2;2;1;1;3;0.1;LBFGSB;False;-21.623665158243444;-4411.227692281663;36.28736900155983;-31.078055948925748;-1584.9808533952132;28.28108957040074;-46.92807346536001;-2393.3317467333604;55.37068283215031;-6.516397501969337;-332.3362726004362;7.141662253618354;-1.9721337167186743;-100.57881955265239;2.499180437131169
-1930.8823052931425;0.3031628656488302;0.7855538912783036;0.11576994984944776;0.0475975364558803;0.18343899552999174;0.09202353675382695;0.11341321773788053;0.27585960725960534;0.765;0.75;1;2;2;1;1;3;0.05;LBFGSB;False;-9.465109339672267;-1930.8823052931425;15.896944406417958;-19.077107990471823;-972.932507514063;26.41406928932772;-14.029286179259694;-715.4935951422444;9.044300257500199;-3.813672834730854;-194.49731457127356;3.5816514726802837;-0.9403703542266896;-47.95888806556117;0.8298056258165146
-1422.4951410515393;0.2967755803899668;0.8016836479157876;0.1;0.05994519478934913;0.19617605887074896;0.09739106541022106;0.10100344959955779;0.29863228854985324;0.765;0.75;1;2;2;1;1;3;0.01;LBFGSB;False;-6.9730153973114675;-1422.4951410515393;11.835180782339293;-15.952404548885163;-813.5726319931433;20.031754056853707;-7.776959153987776;-396.6249168533766;4.25187057515561;-3.20163370693601;-163.2833190537365;2.940576773802797;-0.9610641794369189;-49.014273151282865;0.8042502458408906
-4411.227692281663;0.3;0.8;0.15;0.05;0.2;0.1;0.1;0.3;0.765;0.75;1;2;2;1;1;4;0.1;LBFGSB;False;-21.623665158243444;-4411.227692281663;36.28736900155983;-31.078055948925748;-1584.9808533952132;28.28108957040074;-46.92807346536001;-2393.3317467333604;55.37068283215031;-6.516397501969337;-332.3362726004362;7.141662253618354;-1.9721337167186743;-100.57881955265239;2.499180437131169
-1901.1781292993396;0.30387480639360676;0.7851744729695679;0.11611371120106258;0.048192207739969566;0.18324991471910515;0.09192854735968123;0.11334030825402905;0.2755534418220193;0.765;0.75;1;2;2;1;1;4;0.05;LBFGSB;False;-9.319500633820292;-1901.1781292993396;15.401169471798015;-18.604484514699166;-948.8287102496574;25.461542777307915;-13.896263653251744;-708.7094463158389;8.927720408771505;-3.813672834730854;-194.49731457127356;3.5816514726802837;-0.9635815325994037;-49.14265816256959;0.8174935124840881
-1342.8340132286958;0.2954262914008405;0.8013662947661336;0.1;0.060623043541440914;0.19638090224951638;0.09736457054460163;0.10028992615695269;0.2994715786294648;0.765;0.75;1;2;2;1;1;4;0.01;LBFGSB;False;-6.582519672689685;-1342.8340132286958;9.177468184850143;-13.404100648906985;-683.6091330942562;14.510363196450609;-8.612742196163685;-439.249852004348;4.842631352535303;-3.340438555652477;-170.36236633827633;3.0983440409146823;-0.9727972900355947;-49.61266179181533;0.8163266139225157
-4411.227692281663;0.3;0.8;0.15;0.05;0.2;0.1;0.1;0.3;0.765;0.75;1;2;2;1;1;5;0.1;LBFGSB;False;-21.623665158243444;-4411.227692281663;36.28736900155983;-31.078055948925748;-1584.9808533952132;28.28108957040074;-46.92807346536001;-2393.3317467333604;55.37068283215031;-6.516397501969337;-332.3362726004362;7.141662253618354;-1.9721337167186743;-100.57881955265239;2.499180437131169
-1920.2948422284192;0.3046648971244795;0.7857409243339103;0.11662967761781114;0.04814579938872643;0.1835108306730723;0.09205895212416132;0.11343889849293698;0.27592152504213346;0.765;0.75;1;2;2;1;1;5;0.05;LBFGSB;False;-9.413210010923624;-1920.2948422284192;15.92799384249277;-19.14903024567501;-976.6005425294256;26.614415955628328;-13.741599649369878;-700.8215821178637;8.750557871449061;-3.7986286160501934;-193.73005941855988;3.5770599457157126;-0.9635815325994037;-49.14265816256959;0.8174935124840881
-1370.4951231568912;0.29728877103492835;0.802735151590408;0.1;0.06113130634340117;0.19491838863576655;0.0966794929354841;0.10153665883992628;0.2969013839543824;0.765;0.75;1;2;2;1;1;5;0.01;LBFGSB;False;-6.7181133488082905;-1370.4951231568912;10.891436447272367;-15.090667796344233;-769.6240576135559;18.185759825609285;-7.674055563122011;-391.3768337192226;4.192471204873952;-3.1466658563299994;-160.47995867282998;2.9386582004997956;-0.9610641794369189;-49.014273151282865;0.8042502458408906
-4411.227692281663;0.3;0.8;0.15;0.05;0.2;0.1;0.1;0.3;0.765;0.75;1;2;2;1;2;2;0.1;LBFGSB;False;-21.623665158243444;-4411.227692281663;36.28736900155983;-31.078055948925748;-1584.9808533952132;28.28108957040074;-46.92807346536001;-2393.3317467333604;55.37068283215031;-6.516397501969337;-332.3362726004362;7.141662253618354;-1.9721337167186743;-100.57881955265239;2.499180437131169
-2165.952921011306;0.30144937531186783;0.789610970755909;0.11587923929192752;0.0440637204841353;0.18517897336913527;0.0928837918008799;0.11331533845828239;0.2785513783706401;0.765;0.75;1;2;2;1;2;2;0.05;LBFGSB;False;-10.617416279467186;-2165.952921011306;19.865690616574057;-22.803336457279475;-1162.9701593212533;34.136610294434256;-14.86089255351187;-757.9055202291054;9.70354772094609;-3.851474631663259;-196.4252062148262;3.5690367222313704;-0.9539614754141396;-48.652035246121116;0.8447272947575863
-1289.5813507898768;0.2978159232690898;0.8035010621189733;0.1;0.06302183489866628;0.19430680411932205;0.09669113233989347;0.10198417496403255;0.2955028008972601;0.765;0.75;1;2;2;1;2;2;0.01;LBFGSB;False;-6.321477209754298;-1289.5813507898768;9.093127752614308;-13.422648723821975;-684.5550849149207;14.571598140442434;-7.758335978323211;-395.67513489448373;4.214166521005315;-3.1574510786225347;-161.03000500974926;2.940239921633862;-0.9474730582494689;-48.32112597072292;0.7886854249228046
-4411.227692281663;0.3;0.8;0.15;0.05;0.2;0.1;0.1;0.3;0.765;0.75;1;2;2;1;2;3;0.1;LBFGSB;False;-21.623665158243444;-4411.227692281663;36.28736900155983;-31.078055948925748;-1584.9808533952132;28.28108957040074;-46.92807346536001;-2393.3317467333604;55.37068283215031;-6.516397501969337;-332.3362726004362;7.141662253618354;-1.9721337167186743;-100.57881955265239;2.499180437131169
-1958.5691010259388;0.3032850470846823;0.7861798415319351;0.11598580994286807;0.047249420426428254;0.1836602027942957;0.09214431406080142;0.11345212918593518;0.27623609872912286;0.765;0.75;1;2;2;1;2;3;0.05;LBFGSB;False;-9.600828926597739;-1958.5691010259388;16.404943936987774;-19.57169868114742;-998.1566327385185;27.441724067170558;-14.077573836285989;-717.9562656505855;9.05370150334821;-3.813672834730854;-194.49731457127356;3.5816514726802837;-0.9403703542266896;-47.95888806556117;0.8298056258165146
-1332.1658474217145;0.29762283752120705;0.7993729602772381;0.1;0.06197148208454165;0.19689534438826023;0.09737459938396736;0.10143777332751705;0.2999280761468895;0.765;0.75;1;2;2;1;2;3;0.01;LBFGSB;False;-6.530224742263306;-1332.1658474217145;9.950244240157287;-14.215750937835928;-725.0032978296323;16.3052113285302;-7.773246971575638;-396.43559555035756;4.235942449203138;-3.17728639061623;-162.04160592142773;2.9411419968516883;-0.9546146690254321;-48.685348120297036;0.7962161542965311
-4411.227692281663;0.3;0.8;0.15;0.05;0.2;0.1;0.1;0.3;0.765;0.75;1;2;2;1;2;4;0.1;LBFGSB;False;-21.623665158243444;-4411.227692281663;36.28736900155983;-31.078055948925748;-1584.9808533952132;28.28108957040074;-46.92807346536001;-2393.3317467333604;55.37068283215031;-6.516397501969337;-332.3362726004362;7.141662253618354;-1.9721337167186743;-100.57881955265239;2.499180437131169
-1953.8630427259152;0.3040190006920952;0.7864896058804058;0.11647947963403785;0.047465856255057254;0.18369350660709158;0.09216873084828575;0.11342585110164631;0.27625207987080486;0.765;0.75;1;2;2;1;2;4;0.05;LBFGSB;False;-9.57776001336233;-1953.8630427259152;16.420967127581363;-19.594563501011308;-999.3227385515768;27.51894819043098;-13.963786164882162;-712.1530944089902;8.96436698321844;-3.813672834730854;-194.49731457127356;3.5816514726802837;-0.9390175528249849;-47.88989519407423;0.8281809083101288
-1539.7989809686871;0.2966086781900192;0.8011808049392372;0.1;0.05821050575401277;0.19575867396044505;0.09686377821446537;0.10116793266726985;0.2987406874895092;0.765;0.75;1;2;2;1;2;4;0.01;LBFGSB;False;-7.548034220434741;-1539.7989809686871;14.458732602448087;-18.380213608216497;-937.3908940190413;25.087664764391672;-7.709256666601147;-393.1720899966585;4.205798315880966;-3.13967222997826;-160.12328372889127;2.8863455017848323;-0.9629943769430613;-49.112713224096126;0.8066179832079678
-4411.227692281663;0.3;0.8;0.15;0.05;0.2;0.1;0.1;0.3;0.765;0.75;1;2;2;1;2;5;0.1;LBFGSB;False;-21.623665158243444;-4411.227692281663;36.28736900155983;-31.078055948925748;-1584.9808533952132;28.28108957040074;-46.92807346536001;-2393.3317467333604;55.37068283215031;-6.516397501969337;-332.3362726004362;7.141662253618354;-1.9721337167186743;-100.57881955265239;2.499180437131169
-1930.702346546014;0.3046966593064321;0.7859176545723028;0.11668891827144831;0.048036378629282526;0.18357112432295844;0.09210719543373112;0.11347667384194575;0.27604513527362146;0.765;0.75;1;2;2;1;2;5;0.05;LBFGSB;False;-9.46422718895105;-1930.702346546014;16.12383901356483;-19.333357688384428;-986.0012421076058;27.00251383589899;-13.76134091877017;-701.8283868572787;8.780001378095282;-3.7986286160501934;-193.73005941855988;3.5770599457157126;-0.9635815325994037;-49.14265816256959;0.8174935124840881
-1589.5277572013115;0.31663504573011914;0.8083811004978112;0.12214084217971763;0.057298065116117285;0.19097523011819853;0.09513536775554729;0.11399732086808105;0.28961742278115177;0.765;0.75;1;2;2;1;2;5;0.01;LBFGSB;False;-7.7918027313789775;-1589.5277572013115;12.48146625835927;-16.210680587320716;-826.7447099533566;20.71837332790929;-10.507468839524527;-535.8809108157509;6.248587738293024;-3.4996582429150482;-178.48257038866745;3.2761234437875686;-0.9494032557556114;-48.41956604353618;0.7911329088601133
-4411.227692281663;0.3;0.8;0.15;0.05;0.2;0.1;0.1;0.3;0.765;0.75;1;2;2;2;1;2;0.1;LBFGSB;False;-21.623665158243444;-4411.227692281663;36.28736900155983;-31.078055948925748;-1584.9808533952132;28.28108957040074;-46.92807346536001;-2393.3317467333604;55.37068283215031;-6.516397501969337;-332.3362726004362;7.141662253618354;-1.9721337167186743;-100.57881955265239;2.499180437131169
-2151.53699845578;0.3020973262536559;0.7892291131167383;0.11590011602491444;0.044559677131605996;0.18476167117505118;0.09286790583441847;0.09313356939672068;0.27796615000238195;0.765;0.75;1;2;2;2;1;2;0.05;LBFGSB;False;-10.546749992430295;-2151.53699845578;19.960747029392913;-22.999864213048415;-1172.9930748654692;34.43998551881347;-14.516073360609278;-740.3197413910732;9.318792168160899;-3.618403401115942;-184.53857345691304;3.285191666590269;-1.0526589949475398;-53.68560874232453;1.0026871093147358
-1399.4698623079023;0.29503094873897956;0.8081426881061787;0.1;0.059446331601028565;0.19125649926098215;0.0954315198500502;0.09850119029056226;0.29475691392020237;0.765;0.75;1;2;2;2;1;2;0.01;LBFGSB;False;-6.860146383862266;-1399.4698623079023;10.61843446835705;-14.804134731439072;-755.0108713033927;17.50431020058558;-8.451234584745855;-431.01296382203856;4.655848491080276;-3.2124189292285448;-163.83336539065579;2.9419559580418286;-0.9727972900355947;-49.61266179181533;0.8163266139225157
-4411.227692281663;0.3;0.8;0.15;0.05;0.2;0.1;0.1;0.3;0.765;0.75;1;2;2;2;1;3;0.1;LBFGSB;False;-21.623665158243444;-4411.227692281663;36.28736900155983;-31.078055948925748;-1584.9808533952132;28.28108957040074;-46.92807346536001;-2393.3317467333604;55.37068283215031;-6.516397501969337;-332.3362726004362;7.141662253618354;-1.9721337167186743;-100.57881955265239;2.499180437131169
-1948.3133009941123;0.3034786630000319;0.7860121502569875;0.1157801000508402;0.04750032294674541;0.183222082199697;0.09212946033717978;0.09235635625461423;0.2755634380244995;0.765;0.75;1;2;2;2;1;3;0.05;LBFGSB;False;-9.550555397029962;-1948.3133009941123;16.601150714905987;-19.813062226076568;-1010.466173529905;27.971056987997784;-13.787241289991872;-703.1493057895855;8.758838839650588;-3.5776300375535923;-182.4591319152332;3.2739098228110066;-1.0242880344978078;-52.238689759388194;0.9671719621128051
-1198.1482394563495;0.30433181045093577;0.7894938801794824;0.1;0.06863893698370711;0.19662149768240386;0.10037513001142277;0.10816609219445569;0.2949690315837175;0.765;0.75;1;2;2;2;1;3;0.01;LBFGSB;False;-5.873275683609556;-1198.1482394563495;8.953048071937742;-13.37624752954036;-682.1886240065584;14.602153936309733;-6.180110162580424;-315.1856182916016;3.2351794398146834;-2.917733819722922;-148.80442480586902;2.7539291551910745;-1.0190112225945216;-51.969572352320604;0.8167145458725924
-4411.227692281663;0.3;0.8;0.15;0.05;0.2;0.1;0.1;0.3;0.765;0.75;1;2;2;2;1;4;0.1;LBFGSB;False;-21.623665158243444;-4411.227692281663;36.28736900155983;-31.078055948925748;-1584.9808533952132;28.28108957040074;-46.92807346536001;-2393.3317467333604;55.37068283215031;-6.516397501969337;-332.3362726004362;7.141662253618354;-1.9721337167186743;-100.57881955265239;2.499180437131169
-1931.9270615669695;0.30412033580917;0.7855924045689359;0.11596686222194226;0.04794756689103592;0.18320745550366246;0.09210530391318952;0.0923483302378663;0.27554865916702626;0.765;0.75;1;2;2;2;1;4;0.05;LBFGSB;False;-9.470230693955733;-1931.9270615669695;16.478313835969875;-19.7133351042214;-1005.3800903152915;27.811226282246917;-13.574332986849718;-692.2909823293356;8.548464206478856;-3.5776300375535923;-182.4591319152332;3.2739098228110066;-1.0156246471982187;-51.79685700710915;0.9551569898886639
-1386.6294092947433;0.30228233013643985;0.8054108734368677;0.1;0.06460298832440314;0.19126922693430512;0.0958615894810127;0.0981152402205698;0.29489060360378144;0.765;0.75;1;2;2;2;1;4;0.01;LBFGSB;False;-6.797202986738937;-1386.6294092947433;13.276814927925813;-17.341947992928226;-884.4393476393395;22.928997324819164;-6.007569743266179;-306.38605690657516;3.2583520291628107;-2.882680665199352;-147.01671392516695;2.620381157000855;-0.9566135455619901;-48.78729082366149;0.7886361107160706
-4411.227692281663;0.3;0.8;0.15;0.05;0.2;0.1;0.1;0.3;0.765;0.75;1;2;2;2;1;5;0.1;LBFGSB;False;-21.623665158243444;-4411.227692281663;36.28736900155983;-31.078055948925748;-1584.9808533952132;28.28108957040074;-46.92807346536001;-2393.3317467333604;55.37068283215031;-6.516397501969337;-332.3362726004362;7.141662253618354;-1.9721337167186743;-100.57881955265239;2.499180437131169
-2261.7915150207714;0.3182998680561808;0.8071773057850677;0.13783851790036006;0.04196221722487928;0.19340874614212017;0.09692228512645074;0.0969772887320653;0.29030965019190125;0.765;0.75;1;2;2;2;1;5;0.05;LBFGSB;False;-11.08721330892535;-2261.7915150207714;17.141055182236574;-18.08736322286693;-922.4555243662134;24.501518031112802;-20.812288318336815;-1061.4267042351776;16.37897745499488;-4.275873604498892;-218.0695538294435;4.120297239251512;-1.1733280899987684;-59.839732589937185;1.196788177780221
-1505.568406505678;0.3180679096053033;0.809085493366422;0.12477622072667863;0.058260294081119886;0.18963858837608666;0.09504808513460929;0.09613535364217231;0.2882819189586361;0.765;0.75;1;2;2;2;1;5;0.01;LBFGSB;False;-7.380237286792539;-1505.568406505678;9.917269730338269;-13.300147786789749;-678.3075371262772;14.687940441589577;-11.691247240099528;-596.253609245076;7.517876827681251;-3.5440065389635547;-180.7443334871413;3.337066309736664;-0.9855475813173175;-50.26292664718319;0.8831804596443421
-4411.227692281663;0.3;0.8;0.15;0.05;0.2;0.1;0.1;0.3;0.765;0.75;1;2;2;2;2;2;0.1;LBFGSB;False;-21.623665158243444;-4411.227692281663;36.28736900155983;-31.078055948925748;-1584.9808533952132;28.28108957040074;-46.92807346536001;-2393.3317467333604;55.37068283215031;-6.516397501969337;-332.3362726004362;7.141662253618354;-1.9721337167186743;-100.57881955265239;2.499180437131169
-1790.545860197376;0.3071625229132111;0.7882917182923557;0.12277608831520198;0.04894817981556358;0.18543063350578282;0.09324178317247922;0.11249149861173512;0.27858607621906545;0.765;0.75;1;2;2;2;2;2;0.05;LBFGSB;False;-8.777185589202823;-1790.545860197376;11.592379932337744;-12.904770246246757;-658.1432825585846;13.695784259839563;-17.137809208893167;-874.0282696535514;12.81653332836883;-4.08061532035405;-208.11138133805653;3.9000861095318125;-0.9855475813173175;-50.26292664718319;0.8831804596443421
-1321.56019908384;0.2973466259812788;0.7972800326055718;0.1;0.061884843429301555;0.1944497694018472;0.0973164121043431;0.09888524302920837;0.2968583616951002;0.765;0.75;1;2;2;2;2;2;0.01;LBFGSB;False;-6.478236270018823;-1321.56019908384;9.573985198380415;-13.86035864683661;-706.8782909886671;15.494455422046112;-7.948411084377246;-405.3689653032395;4.365120212505743;-3.1466658563299994;-160.47995867282998;2.9386582004997956;-0.9575094925314334;-48.8329841191031;0.8010647017209792
-4411.227692281663;0.3;0.8;0.15;0.05;0.2;0.1;0.1;0.3;0.765;0.75;1;2;2;2;2;3;0.1;LBFGSB;False;-21.623665158243444;-4411.227692281663;36.28736900155983;-31.078055948925748;-1584.9808533952132;28.28108957040074;-46.92807346536001;-2393.3317467333604;55.37068283215031;-6.516397501969337;-332.3362726004362;7.141662253618354;-1.9721337167186743;-100.57881955265239;2.499180437131169
-1956.5452855852222;0.30344464153777745;0.7859978413939428;0.11575166074376046;0.04746847377886425;0.18338781906416457;0.09222356195879386;0.11355008005675482;0.2758284573459533;0.765;0.75;1;2;2;2;2;3;0.05;LBFGSB;False;-9.590908262672658;-1956.5452855852222;16.642201100801717;-19.85273883074085;-1012.4896803677833;28.044257484333123;-13.77586631367508;-702.569181997429;8.753477358580051;-3.7986286160501934;-193.73005941855988;3.5770599457157126;-0.9363992902245041;-47.75636380144971;0.8259895839902068
-1795.2315726730856;0.3261276403173892;0.8101135260221445;0.13347580083503552;0.05404130691792679;0.18937260598293906;0.09507499201985842;0.11904308423507781;0.2860868939624922;0.765;0.75;1;2;2;2;2;3;0.01;LBFGSB;False;-8.80015476800532;-1795.2315726730856;14.752636962593026;-18.175032590818308;-926.9266621317338;24.688574965754583;-12.291622830597548;-626.872764360475;7.798407818643573;-3.7728994711685044;-192.41787302959372;3.573534958082247;-0.9610641794369189;-49.014273151282865;0.8042502458408906
-4411.227692281663;0.3;0.8;0.15;0.05;0.2;0.1;0.1;0.3;0.765;0.75;1;2;2;2;2;4;0.1;LBFGSB;False;-21.623665158243444;-4411.227692281663;36.28736900155983;-31.078055948925748;-1584.9808533952132;28.28108957040074;-46.92807346536001;-2393.3317467333604;55.37068283215031;-6.516397501969337;-332.3362726004362;7.141662253618354;-1.9721337167186743;-100.57881955265239;2.499180437131169
-1928.3355145238963;0.3039828738602289;0.7856723401683929;0.11599932135063365;0.0479915420496173;0.18322585855994722;0.09215196776136222;0.11343188393512424;0.2755262430340164;0.765;0.75;1;2;2;2;2;4;0.05;LBFGSB;False;-9.45262507119557;-1928.3355145238963;16.125943658285657;-19.355277405899702;-987.1191477008848;27.04261551005037;-13.693012730232978;-698.3436492418818;8.680010454042284;-3.7986286160501934;-193.73005941855988;3.5770599457157126;-0.9635815325994037;-49.14265816256959;0.8174935124840881
-1393.2266215311283;0.3018714405932354;0.8043127786091302;0.1;0.06419381784604959;0.19187826211945583;0.09623298951013708;0.10540781884027425;0.29434110355526766;0.765;0.75;1;2;2;2;2;4;0.01;LBFGSB;False;-6.829542262407492;-1393.2266215311283;13.19135876885812;-17.263129750293956;-880.4196172649918;22.782937144404517;-6.108122465169895;-311.51424572366466;3.3161567140713504;-2.9289307703848637;-149.37546928962806;2.634977717641637;-1.0179860637812517;-51.91728925284383;0.8224396461546976
-4411.227692281663;0.3;0.8;0.15;0.05;0.2;0.1;0.1;0.3;0.765;0.75;1;2;2;2;2;5;0.1;LBFGSB;False;-21.623665158243444;-4411.227692281663;36.28736900155983;-31.078055948925748;-1584.9808533952132;28.28108957040074;-46.92807346536001;-2393.3317467333604;55.37068283215031;-6.516397501969337;-332.3362726004362;7.141662253618354;-1.9721337167186743;-100.57881955265239;2.499180437131169
-1954.837710504652;0.304183297141809;0.7861905174029021;0.11618879167888652;0.047695938211908574;0.18349417295534942;0.09227514246180395;0.11354475375276492;0.27594755232175283;0.765;0.75;1;2;2;2;2;5;0.05;LBFGSB;False;-9.582537796591431;-1954.837710504652;16.725871550114633;-19.92546858987772;-1016.1988980837638;28.285475140210863;-13.64247244783841;-695.7660948397589;8.619052139393874;-3.7986286160501934;-193.73005941855988;3.5770599457157126;-0.9635815325994037;-49.14265816256959;0.8174935124840881
-1551.1037253628774;0.3143747059369541;0.8067769573373517;0.11972743350434832;0.05780158134143804;0.19178837411851066;0.09590015313013318;0.11313313065239325;0.29170722423525614;0.765;0.75;1;2;2;2;2;5;0.01;LBFGSB;False;-7.603449634131752;-1551.1037253628774;11.880828288596474;-15.667600526365126;-799.0476268446214;19.548806307920675;-10.299066708997362;-525.2524021588655;6.137220602284437;-3.4996582429150482;-178.48257038866745;3.2761234437875686;-0.9474730582494689;-48.32112597072292;0.7886854249228046
