231455.1478340684;0.8;0.2;0.16846287460042259;0.7880547119898681;0.9764423503771407;0.8;0.2;0.16846287460042259;0.39413440648773507;0;0;0;0;0.7880547119898681;0.9764423503771407
26054.637454623073;0.4748393377584356;0.7716518061042648;0.25;0.7134459597339108;0.7589332234182833;0.4748393377584356;0.7716518061042648;0.25;0.0187813853935671;0;0;0;0;0.7134459597339108;0.7589332234182833
31101.343675309236;0.680571044699903;0.2221401077845149;0.25;0.8469085579219078;0.5626761385508703;0.680571044699903;0.2221401077845149;0.25;0.015607803978287461;0;0;0;0;0.8469085579219078;0.5626761385508703
29130.36957406264;0.6885299816384101;0.2221676949437292;0.25;0.845408243443833;0.9984583671579703;0.6885299816384101;0.2221676949437292;0.25;0.02896354086950919;0;0;0;0;0.845408243443833;0.9984583671579703
27814.267039971415;0.6781691337029516;0.22220991481168165;0.25;0.7998976211202208;0.9903753073126332;0.6781691337029516;0.22220991481168165;0.25;0.026557709859750842;0;0;0;0;0.7998976211202208;0.9903753073126332
26180.05715154206;0.4829732892706314;0.6666182265651899;0.25;0.7229598963005215;0.6278182059862525;0.4829732892706314;0.6666182265651899;0.25;0.015082769626355455;0;0;0;0;0.7229598963005215;0.6278182059862525
26355.13462412696;0.48309124280798005;0.6666081176594635;0.25;0.7512420654146598;0.5652615019995445;0.48309124280798005;0.6666081176594635;0.25;0.013892219965899249;0;0;0;0;0.7512420654146598;0.5652615019995445
26097.64694520186;0.4908852542796885;0.6666054771519826;0.25;0.8177931793656412;0.8025473951548902;0.4908852542796885;0.6666054771519826;0.25;0.020649634843174423;0;0;0;0;0.8177931793656412;0.8025473951548902
28987.30132672266;0.6056700978432094;0.2856373429873867;0.24989188677310908;0.7031544019627105;0.6250342429421333;0.6056700978432094;0.2856373429873867;0.24989188677310908;0.015482568471490937;0;0;0;0;0.7031544019627105;0.6250342429421333
29704.23807497035;0.6763374454832837;0.22217194366047163;0.25;0.7342276998668406;0.7396849951870643;0.6763374454832837;0.22217194366047163;0.25;0.019186765248673153;0;0;0;0;0.7342276998668406;0.7396849951870643
23743.819308274906;0.45749967176355344;1.0;0.25;0.7435929438042563;0.9358626807062487;0.45749967176355344;1.0;0.25;0.022281040400813565;0;0;0;0;0.7435929438042563;0.9358626807062487
26589.696148677725;0.4918120546739277;0.6666384535043156;0.25;0.8270612858542828;0.7786370563551325;0.4918120546739277;0.6666384535043156;0.25;0.02039987675483554;0;0;0;0;0.8270612858542828;0.7786370563551325
25737.031083744332;0.4924648547455255;0.6666327212984549;0.25;0.7829394779584484;0.9154951852262001;0.4924648547455255;0.6666327212984549;0.25;0.023258127072195746;0;0;0;0;0.7829394779584484;0.9154951852262001
30864.549246508006;0.6817189479239046;0.22213937876566411;0.25;0.7774872948567149;0.6232150980198958;0.6817189479239046;0.22213937876566411;0.25;0.01676916222834278;0;0;0;0;0.7774872948567149;0.6232150980198958
28377.03388475376;0.5459319297993482;0.39992759610808515;0.24902605797119304;0.7524283049634312;0.5652595539007395;0.5459319297993482;0.39992759610808515;0.24902605797119304;0.014220460299162917;0;0;0;0;0.7524283049634312;0.5652595539007395
233205.1831181677;0.8;0.2;0.2076191547877888;0.8208486030287155;0.7855492323335997;0.8;0.2;0.2076191547877888;0.36849799009353074;0;0;0;0;0.8208486030287155;0.7855492323335997
28628.220174015554;0.39289909596702843;0.6666378217734502;0.16433452708918045;0.7669639803275754;0.9284455985707538;0.39289909596702843;0.6666378217734502;0.16433452708918045;0.019197015209360367;0;0;0;0;0.7669639803275754;0.9284455985707538
25379.38753308478;0.45690831300781815;1.0;0.25;0.8307169575449465;0.6779841930470591;0.45690831300781815;1.0;0.25;0.017195209339922288;0;0;0;0;0.8307169575449465;0.6779841930470591
28141.70473535472;0.6092858290192753;0.2856233150074247;0.25;0.720734891874385;0.778820645352039;0.6092858290192753;0.2856233150074247;0.25;0.019944119033566656;0;0;0;0;0.720734891874385;0.778820645352039
30185.301492649287;0.6783560566350595;0.22222189285127672;0.25;0.8213214168527652;0.6346400320079839;0.6783560566350595;0.22222189285127672;0.25;0.017403258099429223;0;0;0;0;0.8213214168527652;0.6346400320079839
28251.496774993575;0.6135316827384892;0.28568636567711525;0.25;0.7764102080452179;0.7906480341474499;0.6135316827384892;0.28568636567711525;0.25;0.02061542095461724;0;0;0;0;0.7764102080452179;0.7906480341474499
26105.89221378178;0.47517140517865036;0.8574439129334318;0.25;0.7705920515972096;0.9210923943998566;0.47517140517865036;0.8574439129334318;0.25;0.023656284641713658;0;0;0;0;0.7705920515972096;0.9210923943998566
25222.287850368848;0.46067694605185594;1.0;0.25;0.8139869598628732;0.8216721039406112;0.46067694605185594;1.0;0.25;0.02079563691140495;0;0;0;0;0.8139869598628732;0.8216721039406112
27417.4021970562;0.5484135418983666;0.39991309547145537;0.25;0.7041252547323029;0.8321611446859983;0.5484135418983666;0.39991309547145537;0.25;0.020360789577236357;0;0;0;0;0.7041252547323029;0.8321611446859983
24767.74813450557;0.48630144086653926;0.6660717443435484;0.25;0.7074570763752238;0.947147220849818;0.48630144086653926;0.6660717443435484;0.25;0.02247938575907067;0;0;0;0;0.7074570763752238;0.947147220849818
30649.271024400812;0.677150581003993;0.22216559369983208;0.25;0.7647175850752843;0.562779098440793;0.677150581003993;0.22216559369983208;0.25;0.015019928013764273;0;0;0;0;0.7647175850752843;0.562779098440793
25257.56878762454;0.456787140907365;1.0;0.25;0.7720110834915537;0.7009033339703492;0.456787140907365;1.0;0.25;0.017202094996219275;0;0;0;0;0.7720110834915537;0.7009033339703492
29036.55295363708;0.6194832270343748;0.285669877861069;0.25;0.7796198601135399;0.8179652719485975;0.6194832270343748;0.285669877861069;0.25;0.021786251517361074;0;0;0;0;0.7796198601135399;0.8179652719485975
26321.11996669837;0.46540524335544925;0.9534505364852086;0.25;0.84987394316125;0.775573975163915;0.46540524335544925;0.9534505364852086;0.25;0.020311309185313216;0;0;0;0;0.84987394316125;0.775573975163915
28315.979960893237;0.6087274141535348;0.28565511926723164;0.25;0.7093669061460042;0.782208117710294;0.6087274141535348;0.28565511926723164;0.25;0.01953565794612389;0;0;0;0;0.7093669061460042;0.782208117710294
30273.35338895185;0.6150138347497166;0.28562409716819126;0.25;0.8172766301684814;0.527478956391429;0.6150138347497166;0.28562409716819126;0.25;0.014222590040920673;0;0;0;0;0.8172766301684814;0.527478956391429
30847.820275086655;0.6788001375080267;0.2221713602304799;0.25;0.7472908964347267;0.5998057770135623;0.6788001375080267;0.2221713602304799;0.25;0.015935080024379978;0;0;0;0;0.7472908964347267;0.5998057770135623
24691.00490192495;0.4595087528383684;1.0;0.25;0.8303404468677151;0.8431747006594611;0.4595087528383684;1.0;0.25;0.021261275711657555;0;0;0;0;0.8303404468677151;0.8431747006594611
26365.717994286675;0.4937405275310827;0.666570864244449;0.25;0.8323900496345265;0.8665653026779763;0.4937405275310827;0.666570864244449;0.25;0.022626726525647185;0;0;0;0;0.8323900496345265;0.8665653026779763
25208.873444486344;0.48878757634056985;0.666644539490691;0.25;0.8174182555996176;0.8439645784384746;0.48878757634056985;0.666644539490691;0.25;0.02140776672245806;0;0;0;0;0.8174182555996176;0.8439645784384746
28728.764024544784;0.681448863963572;0.22215150405728487;0.25;0.8420009488708785;0.9295766787560706;0.681448863963572;0.22215150405728487;0.25;0.025607107325710064;0;0;0;0;0.8420009488708785;0.9295766787560706
24896.082324907995;0.4628635655497064;1.0;0.25;0.8005919783932389;0.9324899329748666;0.4628635655497064;1.0;0.25;0.02355557532455712;0;0;0;0;0.8005919783932389;0.9324899329748666
28164.223659785202;0.6186289955474839;0.285684086102981;0.24988587020440708;0.7709996970441402;0.9431762158065087;0.6186289955474839;0.285684086102981;0.24988587020440708;0.02468366187410836;0;0;0;0;0.7709996970441402;0.9431762158065087
28930.90787416312;0.619531431834377;0.28567399351235356;0.25;0.8169519916091583;0.8100285450581128;0.619531431834377;0.28567399351235356;0.25;0.022746626582392654;0;0;0;0;0.8169519916091583;0.8100285450581128
232368.0079301486;0.7000656346890862;0.2;0.25;0.8344704137888226;0.5532008112216029;0.7000656346890862;0.2;0.25;0.2245333971381776;0;0;0;0;0.8344704137888226;0.5532008112216029
28789.316117640177;0.6253732537507584;0.28564807532267456;0.25;0.830594405603631;0.9755033761438378;0.6253732537507584;0.28564807532267456;0.25;0.027297906220174136;0;0;0;0;0.830594405603631;0.9755033761438378
25983.412068579884;0.49040194876479803;0.6658668239351884;0.25;0.8299709574555042;0.805515400387263;0.49040194876479803;0.6658668239351884;0.25;0.020742351051526407;0;0;0;0;0.8299709574555042;0.805515400387263
25533.982268971416;0.48429843432173936;0.666657625599955;0.25;0.7227434743224564;0.7520426693335802;0.48429843432173936;0.666657625599955;0.25;0.018113233992062945;0;0;0;0;0.7227434743224564;0.7520426693335802
30519.108534916388;0.6739924208363128;0.22216636750784444;0.24991241116986196;0.7029025714789234;0.6441972451944438;0.6739924208363128;0.22216636750784444;0.24991241116986196;0.016376655965553304;0;0;0;0;0.7029025714789234;0.6441972451944438
29990.821899212046;0.6794471073885202;0.2221705595358981;0.25;0.7805668683215229;0.6995353909369544;0.6794471073885202;0.2221705595358981;0.25;0.01878240459548238;0;0;0;0;0.7805668683215229;0.6995353909369544
25037.417718554756;0.45233959397588935;1.0;0.25;0.7740214990187664;0.5687741664892121;0.45233959397588935;1.0;0.25;0.013777460225118483;0;0;0;0;0.7740214990187664;0.5687741664892121
31402.95654835167;0.6675999659568839;0.2222067612387971;0.24113509773803765;0.8313816873806874;0.5601325121249695;0.6675999659568839;0.2222067612387971;0.24113509773803765;0.01516547777657958;0;0;0;0;0.8313816873806874;0.5601325121249695
25498.389463386367;0.4611330691421906;1.0;0.25;0.7765575293077267;0.8242095825376259;0.4611330691421906;1.0;0.25;0.02053826911284188;0;0;0;0;0.7765575293077267;0.8242095825376259
29484.687564782726;0.6891665901400346;0.2221845086990693;0.24992348402340303;0.824185375151726;0.9806137632397425;0.6891665901400346;0.2221845086990693;0.24992348402340303;0.027280243663173644;0;0;0;0;0.824185375151726;0.9806137632397425
24801.182731483525;0.459960835547029;1.0;0.25;0.7943849873127422;0.8484628848066882;0.459960835547029;1.0;0.25;0.021216609782164633;0;0;0;0;0.7943849873127422;0.8484628848066882
25307.861256234475;0.4521110481204156;1.0;0.25;0.7773714060793797;0.5241203373890051;0.4521110481204156;1.0;0.25;0.012766393679106244;0;0;0;0;0.7773714060793797;0.5241203373890051
30559.460078877382;0.6421962678079619;0.22212384013454936;0.22624218005216634;0.7998908095687929;0.6902027834225557;0.6421962678079619;0.22212384013454936;0.22624218005216634;0.01767280147500934;0;0;0;0;0.7998908095687929;0.6902027834225557
28093.295484927567;0.679169850116979;0.22206733159600986;0.25;0.8160004782194394;0.9690828357684987;0.679169850116979;0.22206733159600986;0.25;0.026021928715976108;0;0;0;0;0.8160004782194394;0.9690828357684987
28384.605188179135;0.5505519546701202;0.39988848996448884;0.25;0.7776200394443277;0.6297608582277845;0.5505519546701202;0.39988848996448884;0.25;0.01624965126162544;0;0;0;0;0.7776200394443277;0.6297608582277845
30681.79443547107;0.6742159639807435;0.22214430215147055;0.25;0.7065393713782497;0.5980493410314416;0.6742159639807435;0.22214430215147055;0.25;0.015425641977519717;0;0;0;0;0.7065393713782497;0.5980493410314416
26537.598478232234;0.4654807391114794;1.0;0.25;0.845292799046764;0.8400220699538621;0.4654807391114794;1.0;0.25;0.022224418912666313;0;0;0;0;0.845292799046764;0.8400220699538621
28788.224813404984;0.5480350051199625;0.399876390809352;0.25;0.7647367899060142;0.5143661830775839;0.5480350051199625;0.399876390809352;0.25;0.013149635437499911;0;0;0;0;0.7647367899060142;0.5143661830775839
29704.74979105511;0.6760320436143319;0.2221651171996713;0.24957345585245605;0.7069134739981467;0.8229342855790711;0.6760320436143319;0.2221651171996713;0.24957345585245605;0.021033567504955126;0;0;0;0;0.7069134739981467;0.8229342855790711
29482.33685907198;0.6805344710923777;0.222078808367134;0.25;0.7313713604012736;0.8737467972519946;0.6805344710923777;0.222078808367134;0.25;0.02272699376180376;0;0;0;0;0.7313713604012736;0.8737467972519946
29482.62925705864;0.6854586907247705;0.22215933552260905;0.25;0.8293200042910813;0.8928315034434031;0.6854586907247705;0.22215933552260905;0.25;0.024706792681016294;0;0;0;0;0.8293200042910813;0.8928315034434031
30379.337139802385;0.6790771142720268;0.22213423775617694;0.25;0.8310182859142599;0.6262709626366807;0.6790771142720268;0.22213423775617694;0.25;0.017175162653127008;0;0;0;0;0.8310182859142599;0.6262709626366807
30470.021735428323;0.5983025201321097;0.28566910022823844;0.23875702215772304;0.7601266908968423;0.5466157718760483;0.5983025201321097;0.28566910022823844;0.23875702215772304;0.013946427597592945;0;0;0;0;0.7601266908968423;0.5466157718760483
24376.124991443412;0.4585591604214704;1.0;0.25;0.738323500024793;0.9076857749670524;0.4585591604214704;1.0;0.25;0.021735746855696576;0;0;0;0;0.738323500024793;0.9076857749670524
26130.986894300695;0.48666283474705063;0.6666405697684534;0.25;0.7772498451932259;0.6910300479747389;0.48666283474705063;0.6666405697684534;0.25;0.01729722129113163;0;0;0;0;0.7772498451932259;0.6910300479747389
26070.632900769506;0.4884148588482626;0.6665641136535321;0.25;0.8370816983199669;0.7334628403180807;0.4884148588482626;0.6665641136535321;0.25;0.018982326371494645;0;0;0;0;0.8370816983199669;0.7334628403180807
26306.16082038592;0.5530744220512849;0.3997706120750286;0.25;0.7762363629370586;0.9784555090936033;0.5530744220512849;0.3997706120750286;0.25;0.02497758184837666;0;0;0;0;0.7762363629370586;0.9784555090936033
29890.870775688934;0.6868023790265765;0.22219061550596825;0.25;0.8462591206090614;0.8702684228748854;0.6868023790265765;0.22219061550596825;0.25;0.024443571021745974;0;0;0;0;0.8462591206090614;0.8702684228748854
29795.403284258085;0.6477481966375311;0.22212880209402913;0.23071823217629817;0.7081616603667505;0.9042527371524232;0.6477481966375311;0.22212880209402913;0.23071823217629817;0.02217418398013517;0;0;0;0;0.7081616603667505;0.9042527371524232
30529.606261685898;0.6797808694498962;0.22217332275121618;0.25;0.7599463268063622;0.6435091349569764;0.6797808694498962;0.22217332275121618;0.25;0.01719814189264374;0;0;0;0;0.7599463268063622;0.6435091349569764
242907.87927753857;0.6489039701161888;0.2;0.14305244504110615;0.8310641523675488;0.6318958298984929;0.6489039701161888;0.2;0.14305244504110615;0.4341258288109085;0;0;0;0;0.8310641523675488;0.6318958298984929
28146.652077363986;0.5505508176850229;0.39995430477433835;0.25;0.7410009664629302;0.7069128816221325;0.5505508176850229;0.39995430477433835;0.25;0.017923054055901565;0;0;0;0;0.7410009664629302;0.7069128816221325
28873.338331630403;0.6522296749290627;0.22219041439559842;0.23625043645724791;0.7542166563112828;0.8312740049446481;0.6522296749290627;0.22219041439559842;0.23625043645724791;0.020848842688977836;0;0;0;0;0.7542166563112828;0.8312740049446481
25965.77979097915;0.485651755713082;0.6665948482210685;0.25;0.7345843014372538;0.7238618779884394;0.485651755713082;0.6665948482210685;0.25;0.017539245238525243;0;0;0;0;0.7345843014372538;0.7238618779884394
25774.574234980522;0.45957103181148506;1.0;0.25;0.7951254791837765;0.7310710947599774;0.45957103181148506;1.0;0.25;0.018336798494826077;0;0;0;0;0.7951254791837765;0.7310710947599774
26093.172418734684;0.47636071400974933;0.8126962716634345;0.25;0.7714981814338018;0.8419363359244514;0.47636071400974933;0.8126962716634345;0.25;0.021196938013528642;0;0;0;0;0.7714981814338018;0.8419363359244514
26356.571355827513;0.5475087736874389;0.3999477236103494;0.25;0.7375881023438253;0.850845936975887;0.5475087736874389;0.3999477236103494;0.25;0.02216538752806963;0;0;0;0;0.7375881023438253;0.850845936975887
29273.27827141844;0.6109830600845845;0.2855898439931408;0.25;0.7100015800318928;0.6905815303529789;0.6109830600845845;0.2855898439931408;0.25;0.017387690053406065;0;0;0;0;0.7100015800318928;0.6905815303529789
233339.04600566818;0.7547417382532531;0.2;0.18438747124066326;0.8284832007544344;0.8083693090843325;0.7547417382532531;0.2;0.18438747124066326;0.3544764381449541;0;0;0;0;0.8284832007544344;0.8083693090843325
25328.06007341512;0.4528330044273983;0.9973110684357147;0.25;0.7863211285930836;0.5563021359283417;0.4528330044273983;0.9973110684357147;0.25;0.013875725054464693;0;0;0;0;0.7863211285930836;0.5563021359283417
27983.179181017476;0.6730197358768989;0.2221607459944137;0.25;0.7265409973745505;0.956170862236027;0.6730197358768989;0.2221607459944137;0.25;0.024302618281373728;0;0;0;0;0.7265409973745505;0.956170862236027
28893.443791519312;0.5207635094714748;0.3999565178687876;0.2300217015682262;0.7263282426154305;0.5802050924294463;0.5207635094714748;0.3999565178687876;0.2300217015682262;0.013835783841072221;0;0;0;0;0.7263282426154305;0.5802050924294463
25300.008654081754;0.4568943591362803;1.0;0.25;0.8187996304465032;0.6830454464010183;0.4568943591362803;1.0;0.25;0.017199923835588354;0;0;0;0;0.8187996304465032;0.6830454464010183
49393.41808813457;0.7110517397187944;0.2303386090682576;0.25;0.8076704004452026;0.7965199228977253;0.7110517397187944;0.2303386090682576;0.25;0.040777530936631376;0;0;0;0;0.8076704004452026;0.7965199228977253
24276.254843776132;0.48941414352986684;0.6666499958047135;0.25;0.7859728256835803;0.9921050080800522;0.48941414352986684;0.6666499958047135;0.25;0.024645127837451906;0;0;0;0;0.7859728256835803;0.9921050080800522
239758.70171486144;0.5339166273091693;0.4000091998430469;0.12376680831575383;0.7274850516721791;0.8528995890456623;0.5339166273091693;0.4000091998430469;0.12376680831575383;0.3711976540494996;0;0;0;0;0.7274850516721791;0.8528995890456623
30371.594633131815;0.6794611520978823;0.2221723462482669;0.25;0.7913477962783239;0.6356346555224677;0.6794611520978823;0.2221723462482669;0.25;0.01715127835528553;0;0;0;0;0.7913477962783239;0.6356346555224677
29667.14810634267;0.6809104255626048;0.2213971351451333;0.25;0.8285482295053836;0.7518831978352323;0.6809104255626048;0.2213971351451333;0.25;0.020571582947915276;0;0;0;0;0.8285482295053836;0.7518831978352323
25841.496245127153;0.48383789030276697;0.6665790060769092;0.25;0.7279253700640202;0.6818731355021346;0.48383789030276697;0.6665790060769092;0.25;0.016503075315007366;0;0;0;0;0.7279253700640202;0.6818731355021346
26692.766169444632;0.4870331016643017;0.66427884409487;0.25;0.7713763316578743;0.6243463896558716;0.4870331016643017;0.66427884409487;0.25;0.015592324457742978;0;0;0;0;0.7713763316578743;0.6243463896558716
27684.671269810464;0.5136354729313312;0.3999586252418453;0.21868930825925706;0.8047674929405657;0.9345941715605;0.5136354729313312;0.3999586252418453;0.21868930825925706;0.022676977761417277;0;0;0;0;0.8047674929405657;0.9345941715605
28755.903218887674;0.6192271337837817;0.2838286735695119;0.25;0.7587961415712289;0.8460041858774321;0.6192271337837817;0.2838286735695119;0.25;0.02210270063360213;0;0;0;0;0.7587961415712289;0.8460041858774321
28017.119623746334;0.6722707410212909;0.22217864886739572;0.24972926787756064;0.7249072627610452;0.9565677343508001;0.6722707410212909;0.22217864886739572;0.24972926787756064;0.024242594769814066;0;0;0;0;0.7249072627610452;0.9565677343508001
30439.96374428651;0.6725291363814153;0.22214435527432638;0.25;0.7419682532062323;0.5207341370529228;0.6725291363814153;0.22214435527432638;0.25;0.013488407198211401;0;0;0;0;0.7419682532062323;0.5207341370529228
30303.266753698877;0.6860762674720307;0.22220426442989322;0.25;0.8123061462191989;0.7869332861581104;0.6860762674720307;0.22220426442989322;0.25;0.02180666906678088;0;0;0;0;0.8123061462191989;0.7869332861581104
23604.261130024835;0.4569897175825143;1.0;0.25;0.7249733830814986;0.962773934421224;0.4569897175825143;1.0;0.25;0.022720921136155866;0;0;0;0;0.7249733830814986;0.962773934421224
25417.603617554774;0.47524687083061185;0.7577093490962971;0.25;0.7203890699898007;0.8599656294428042;0.47524687083061185;0.7577093490962971;0.25;0.01918028864923427;0;0;0;0;0.7203890699898007;0.8599656294428042
29934.791204369038;0.5525978243106191;0.28568177414122586;0.2026418925197177;0.8022275831976698;0.8954367318054384;0.5525978243106191;0.28568177414122586;0.2026418925197177;0.021559189455988205;0;0;0;0;0.8022275831976698;0.8954367318054384
26126.278540742496;0.5454006361606388;0.3999099137752384;0.25;0.7190878817972716;0.8775346840554299;0.5454006361606388;0.3999099137752384;0.25;0.02142097530720083;0;0;0;0;0.7190878817972716;0.8775346840554299
27306.586424559227;0.4636473310156358;0.666599125592472;0.23096877532996796;0.7698733964210231;0.5816686088845087;0.4636473310156358;0.666599125592472;0.23096877532996796;0.013824390937367101;0;0;0;0;0.7698733964210231;0.5816686088845087
26477.915903861613;0.4838979136761505;0.6666338700325791;0.25;0.8167419930838595;0.539431514209364;0.4838979136761505;0.6666338700325791;0.25;0.013771054587874084;0;0;0;0;0.8167419930838595;0.539431514209364
28909.599157048546;0.6732625389700994;0.2218639817812918;0.25;0.7050710518395562;0.8631834353563186;0.6732625389700994;0.2218639817812918;0.25;0.02180529531138777;0;0;0;0;0.7050710518395562;0.8631834353563186
29035.940916010433;0.548936156593372;0.39995558709844037;0.25;0.7659876446483309;0.5066035879620088;0.548936156593372;0.39995558709844037;0.25;0.013047347442699368;0;0;0;0;0.7659876446483309;0.5066035879620088
26678.531742232124;0.5535979640938715;0.3999493341050646;0.25;0.8495050478304964;0.9335872324229;0.5535979640938715;0.3999493341050646;0.25;0.02477635123001234;0;0;0;0;0.8495050478304964;0.9335872324229
245194.16533296873;0.5644683923150526;0.2727344717661059;0.11578028620415753;0.7677140578036695;0.6809800992710892;0.5644683923150526;0.2727344717661059;0.11578028620415753;0.4429510911939182;0;0;0;0;0.7677140578036695;0.6809800992710892
31237.619698456772;0.6432907115833869;0.22216356752578767;0.22727109128100442;0.7611033624690791;0.5958966497420732;0.6432907115833869;0.22216356752578767;0.22727109128100442;0.015055982223392234;0;0;0;0;0.7611033624690791;0.5958966497420732
28975.61451723941;0.675089021323122;0.22220451265357766;0.25;0.7320119004083545;0.8309069020790436;0.675089021323122;0.22220451265357766;0.25;0.02151958410437053;0;0;0;0;0.7320119004083545;0.8309069020790436
30047.155945634764;0.6765701340791269;0.22214217830608263;0.25;0.7392511609773554;0.6743431232116675;0.6765701340791269;0.22214217830608263;0.25;0.017703234505718264;0;0;0;0;0.7392511609773554;0.6743431232116675
27002.45107094014;0.5481867581540542;0.399945915512564;0.25;0.7164902035082962;0.837713752487405;0.5481867581540542;0.399945915512564;0.25;0.020719451665070436;0;0;0;0;0.7164902035082962;0.837713752487405
42548.97703544421;0.5200979052057308;0.5903270308910924;0.24228171430186468;0.8057356190983447;0.99322103588211;0.5200979052057308;0.5903270308910924;0.24228171430186468;0.04909842887215816;0;0;0;0;0.8057356190983447;0.99322103588211
27746.797182125945;0.612111015586195;0.2856952353559843;0.25;0.7174965381303513;0.9326624595025597;0.612111015586195;0.2856952353559843;0.25;0.02345322169292783;0;0;0;0;0.7174965381303513;0.9326624595025597
26264.86502751056;0.48585052220419284;0.6666379308594332;0.25;0.7434983323648142;0.6566330944772409;0.48585052220419284;0.6666379308594332;0.25;0.016876814379998262;0;0;0;0;0.7434983323648142;0.6566330944772409
30097.96362150861;0.6210660867434172;0.2856321685201523;0.25;0.8332580764481898;0.6955455258091605;0.6210660867434172;0.2856321685201523;0.25;0.01933681197081851;0;0;0;0;0.8332580764481898;0.6955455258091605
25865.391084284944;0.4618688299998276;1.0;0.25;0.8188397348601204;0.7910846125175537;0.4618688299998276;1.0;0.25;0.020227735024886777;0;0;0;0;0.8188397348601204;0.7910846125175537
28353.369056283344;0.551994879956083;0.3997526560694661;0.25;0.8306765777750565;0.6626738377510835;0.551994879956083;0.3997526560694661;0.25;0.017584202434321235;0;0;0;0;0.8306765777750565;0.6626738377510835
24632.03481195124;0.4838340811065204;0.6663821113798117;0.25;0.7164153415730761;0.8646267070032594;0.4838340811065204;0.6663821113798117;0.25;0.02042034316945267;0;0;0;0;0.7164153415730761;0.8646267070032594
27772.82557327351;0.5574921123895539;0.3999535924833917;0.25;0.7952077884787266;0.891043623531415;0.5574921123895539;0.3999535924833917;0.25;0.02348625198905956;0;0;0;0;0.7952077884787266;0.891043623531415
29164.136777743082;0.6826137999668618;0.22216594229568654;0.24938453171929412;0.8045994016407911;0.916948229688223;0.6826137999668618;0.22216594229568654;0.24938453171929412;0.02474626724386834;0;0;0;0;0.8045994016407911;0.916948229688223
29232.417994112675;0.6714129495490354;0.2222144988767459;0.24996929140948748;0.7254070796567514;0.7173259941328053;0.6714129495490354;0.2222144988767459;0.24996929140948748;0.01849581311485875;0;0;0;0;0.7254070796567514;0.7173259941328053
28886.215202019637;0.6743843705545507;0.22216895856026914;0.25;0.7265355189485224;0.8403690797300444;0.6743843705545507;0.22216895856026914;0.25;0.021540996637786674;0;0;0;0;0.7265355189485224;0.8403690797300444
30591.4884985361;0.6676321654546025;0.22215475548880187;0.24615728569587317;0.7360308456079219;0.5505206543266317;0.6676321654546025;0.22215475548880187;0.24615728569587317;0.014103027320163967;0;0;0;0;0.7360308456079219;0.5505206543266317
31242.644138479583;0.601707749514006;0.2856673262947494;0.2386859932351789;0.8188056552393239;0.5063823297295622;0.601707749514006;0.2856673262947494;0.2386859932351789;0.013583181635822904;0;0;0;0;0.8188056552393239;0.5063823297295622
29228.7222401341;0.6892572052928211;0.22165062856459505;0.25;0.8161812313233129;0.997920840577277;0.6892572052928211;0.22165062856459505;0.25;0.027469566088725896;0;0;0;0;0.8161812313233129;0.997920840577277
30715.06948639847;0.6758447944734148;0.2218718607943366;0.25;0.7227200556651268;0.5847474459877386;0.6758447944734148;0.2218718607943366;0.25;0.015091041219866519;0;0;0;0;0.7227200556651268;0.5847474459877386
26619.735658427333;0.47254128579010396;0.82117989451869;0.25;0.7685519396805998;0.6825294217095396;0.47254128579010396;0.82117989451869;0.25;0.017131581871094703;0;0;0;0;0.7685519396805998;0.6825294217095396
27487.955662902154;0.5474361540603065;0.3999611384234648;0.25;0.7929534308955561;0.6569039788173121;0.5474361540603065;0.3999611384234648;0.25;0.017082069687203282;0;0;0;0;0.7929534308955561;0.6569039788173121
29927.57929153191;0.6845812525317094;0.22216123676862845;0.25;0.7922777977333941;0.8109170622981348;0.6845812525317094;0.22216123676862845;0.25;0.022066371340664057;0;0;0;0;0.7922777977333941;0.8109170622981348
26364.645968950106;0.5457782504018422;0.39995785941916717;0.25;0.7152248672202661;0.8700551708652416;0.5457782504018422;0.39995785941916717;0.25;0.02113622151949231;0;0;0;0;0.7152248672202661;0.8700551708652416
26611.618564287553;0.4975203258405599;0.6662660199613049;0.25;0.8448935931993;0.9481448497488225;0.4975203258405599;0.6662660199613049;0.25;0.02526732022686086;0;0;0;0;0.8448935931993;0.9481448497488225
26450.607333027852;0.4915320649841211;0.6666554734516073;0.25;0.8015347365489438;0.791581848599004;0.4915320649841211;0.6666554734516073;0.25;0.020169060779174783;0;0;0;0;0.8015347365489438;0.791581848599004
29402.909806894117;0.6802908486836639;0.22217372763314847;0.25;0.7331739862810652;0.8757684683990763;0.6802908486836639;0.22217372763314847;0.25;0.022839470026720782;0;0;0;0;0.7331739862810652;0.8757684683990763
30754.615744727485;0.6727676624450092;0.22218924990244662;0.24987850803565195;0.7087513803567279;0.561215444613937;0.6727676624450092;0.22218924990244662;0.24987850803565195;0.014378804897371701;0;0;0;0;0.7087513803567279;0.561215444613937
25056.037623348348;0.46277389767824034;1.0;0.25;0.8401339409804702;0.913867730409501;0.46277389767824034;1.0;0.25;0.023428221146862317;0;0;0;0;0.8401339409804702;0.913867730409501
29296.154213760536;0.6799651736057886;0.22213628563385143;0.25;0.7420496075668326;0.8730503995375557;0.6799651736057886;0.22213628563385143;0.25;0.022884007257629447;0;0;0;0;0.7420496075668326;0.8730503995375557
30372.507808772203;0.607774767448181;0.28568557460685584;0.24510750025582148;0.7699330531579286;0.5408907206020861;0.607774767448181;0.28568557460685584;0.24510750025582148;0.01409454258096492;0;0;0;0;0.7699330531579286;0.5408907206020861
25543.06825907697;0.4567142381795605;1.0;0.25;0.7310797510116895;0.7159829214981814;0.4567142381795605;1.0;0.25;0.017248027224771898;0;0;0;0;0.7310797510116895;0.7159829214981814
24924.705642142737;0.4560476102999062;1.0;0.25;0.7805047711656072;0.7102971514485366;0.4560476102999062;1.0;0.25;0.01737994180721576;0;0;0;0;0.7805047711656072;0.7102971514485366
24417.629980122085;0.45867859148906515;1.0;0.25;0.741574779364266;0.9025073711456224;0.45867859148906515;1.0;0.25;0.02166763088801652;0;0;0;0;0.741574779364266;0.9025073711456224
25929.39855613682;0.4628481115808381;0.9000236697422654;0.25;0.786739889339654;0.6374071488403927;0.4628481115808381;0.9000236697422654;0.25;0.01669994094057608;0;0;0;0;0.786739889339654;0.6374071488403927
28438.988609000913;0.5470859663514458;0.39989028247579883;0.25;0.8046532854196567;0.5123871213105116;0.5470859663514458;0.39989028247579883;0.25;0.013292531663590259;0;0;0;0;0.8046532854196567;0.5123871213105116
25775.78538332318;0.4679272426251099;0.8964355127634344;0.25;0.8366588925539457;0.920952985541938;0.4679272426251099;0.8964355127634344;0.25;0.021014272916433246;0;0;0;0;0.8366588925539457;0.920952985541938
26037.880993256385;0.4885262732596373;0.6666228382995941;0.25;0.7886406807113627;0.7473288704829182;0.4885262732596373;0.6666228382995941;0.25;0.018816955153064786;0;0;0;0;0.7886406807113627;0.7473288704829182
24424.599432120398;0.466201583541125;0.9418762855980799;0.25;0.8285770396923986;0.9632929244438153;0.466201583541125;0.9418762855980799;0.25;0.02517486242120697;0;0;0;0;0.8285770396923986;0.9632929244438153
28990.81622081378;0.6179188059536604;0.28563484618066065;0.2497953390640628;0.7565212511090185;0.8348488277439401;0.6179188059536604;0.28563484618066065;0.2497953390640628;0.02173841398323659;0;0;0;0;0.7565212511090185;0.8348488277439401
31120.505212473865;0.6816756991629285;0.2221800006162552;0.25;0.8215945866360962;0.5647480842190574;0.6816756991629285;0.2221800006162552;0.25;0.015820100147981117;0;0;0;0;0.8215945866360962;0.5647480842190574
26418.92796973193;0.48381130476457745;0.6665811356578752;0.25;0.7784440877239622;0.5512691898065841;0.48381130476457745;0.6665811356578752;0.25;0.013755053272486516;0;0;0;0;0.7784440877239622;0.5512691898065841
29186.04247496232;0.6077835459751625;0.2856853089403527;0.25;0.7152579739236737;0.6076785560100958;0.6077835459751625;0.2856853089403527;0.25;0.015383445298461673;0;0;0;0;0.7152579739236737;0.6076785560100958
27886.759010037746;0.6782178343547138;0.22220582882067536;0.25;0.7777615895955738;0.9985251410918736;0.6782178343547138;0.22220582882067536;0.25;0.026347806419271258;0;0;0;0;0.7777615895955738;0.9985251410918736
26759.223883390383;0.4685767062313381;0.666611137889008;0.2357926551000458;0.7922318406005271;0.586704755736629;0.4685767062313381;0.666611137889008;0.2357926551000458;0.014526439456515855;0;0;0;0;0.7922318406005271;0.586704755736629
30472.07961558328;0.6159399849188026;0.2856448973752419;0.25;0.807324377088807;0.5233949516554022;0.6159399849188026;0.2856448973752419;0.25;0.014207514058564316;0;0;0;0;0.807324377088807;0.5233949516554022
25445.250696524858;0.4556101898650059;1.0;0.25;0.8137003965312521;0.6271087885183373;0.4556101898650059;1.0;0.25;0.015655550147545483;0;0;0;0;0.8137003965312521;0.6271087885183373
24644.344490603336;0.4586043076536873;1.0;0.25;0.7165179746312094;0.9169918368830892;0.4586043076536873;1.0;0.25;0.02183976751105703;0;0;0;0;0.7165179746312094;0.9169918368830892
26725.82873193173;0.4835475840616646;0.6666229737229896;0.24999944265230173;0.8115683391924744;0.5012514555139544;0.4835475840616646;0.6666229737229896;0.24999944265230173;0.012658753713178489;0;0;0;0;0.8115683391924744;0.5012514555139544
30066.817011590472;0.6746300732213368;0.22221011086459927;0.25;0.7407922857450675;0.631049810187226;0.6746300732213368;0.22221011086459927;0.25;0.016449149135832047;0;0;0;0;0.7407922857450675;0.631049810187226
25368.98821656492;0.46393426305085084;0.9542669652094126;0.25;0.8243598416485559;0.8219130533336758;0.46393426305085084;0.9542669652094126;0.25;0.021382625981939678;0;0;0;0;0.8243598416485559;0.8219130533336758
28187.333999530085;0.6796372190570192;0.222119169450096;0.25;0.7982706136931048;0.9706857756519097;0.6796372190570192;0.222119169450096;0.25;0.02588906183576994;0;0;0;0;0.7982706136931048;0.9706857756519097
30427.009368311425;0.6143059379362654;0.28566492509044616;0.24966634896007375;0.8472686693252852;0.5201146345922598;0.6143059379362654;0.28566492509044616;0.24966634896007375;0.014303338024454779;0;0;0;0;0.8472686693252852;0.5201146345922598
28841.113787411123;0.6129676521031057;0.2855609297513279;0.25;0.7038820430334712;0.8241141604363182;0.6129676521031057;0.2855609297513279;0.25;0.02070610179796536;0;0;0;0;0.7038820430334712;0.8241141604363182
27464.389214483854;0.5564115575652048;0.3998564446743326;0.25;0.8240090430806435;0.8968216686163673;0.5564115575652048;0.3998564446743326;0.25;0.023807390577588728;0;0;0;0;0.8240090430806435;0.8968216686163673
27777.02994120068;0.6708277193004495;0.22221787824175918;0.25;0.7047611812174445;0.9948377918549784;0.6708277193004495;0.22221787824175918;0.25;0.02513102990008724;0;0;0;0;0.7047611812174445;0.9948377918549784
27995.067153720556;0.6778658476930219;0.22213444712413186;0.24990775198002607;0.7720545429201193;0.9968207518390997;0.6778658476930219;0.22213444712413186;0.24990775198002607;0.02600082377366598;0;0;0;0;0.7720545429201193;0.9968207518390997
25595.93315496969;0.45917850294970897;1.0;0.25;0.7803591794214093;0.744714836528389;0.45917850294970897;1.0;0.25;0.018546059369821167;0;0;0;0;0.7803591794214093;0.744714836528389
29789.518568789823;0.6153845547963046;0.2856261456436294;0.25;0.7633785629041661;0.63360963684551;0.6153845547963046;0.2856261456436294;0.25;0.016624399616119393;0;0;0;0;0.7633785629041661;0.63360963684551
29612.37194713138;0.6896164369447817;0.2221593111963251;0.25;0.8368123654112647;0.970949854424319;0.6896164369447817;0.2221593111963251;0.25;0.027088877933542702;0;0;0;0;0.8368123654112647;0.970949854424319
239182.89401522322;0.7060633629914488;0.2;0.15652414787602886;0.7679873974014576;0.7730938235815418;0.7060633629914488;0.2;0.15652414787602886;0.41732434137083985;0;0;0;0;0.7679873974014576;0.7730938235815418
231768.5335281103;0.7608702332528254;0.2;0.18772777529149615;0.7697284970219282;0.8754827862773356;0.7608702332528254;0.2;0.18772777529149615;0.34136098668628184;0;0;0;0;0.7697284970219282;0.8754827862773356
28235.84987979198;0.6135493765787309;0.2856744780444256;0.25;0.7967294201418637;0.7824211386814157;0.6135493765787309;0.2856744780444256;0.25;0.020909846523244673;0;0;0;0;0.7967294201418637;0.7824211386814157
30048.224979547405;0.656552129031671;0.22215908876780646;0.2363547107255248;0.7195781144010082;0.8065329377784635;0.656552129031671;0.22215908876780646;0.2363547107255248;0.020202864452217775;0;0;0;0;0.7195781144010082;0.8065329377784635
29149.56656553849;0.6840882737518431;0.2222066098192073;0.25;0.8112625196862692;0.9144024807034616;0.6840882737518431;0.2222066098192073;0.25;0.024988223578387377;0;0;0;0;0.8112625196862692;0.9144024807034616
24343.887014675194;0.46185435582466394;1.0;0.25;0.7602425977212423;0.9869889590844696;0.46185435582466394;1.0;0.25;0.024276171682640332;0;0;0;0;0.7602425977212423;0.9869889590844696
29633.523890704568;0.6095861756270299;0.2851572916326413;0.25;0.7485335144285069;0.5105323042307472;0.6095861756270299;0.2851572916326413;0.25;0.013108521173516664;0;0;0;0;0.7485335144285069;0.5105323042307472
239029.42576910253;0.6535456447031243;0.2;0.13777426725969705;0.7680681676924972;0.7719888796000113;0.6535456447031243;0.2;0.13777426725969705;0.38363153883276413;0;0;0;0;0.7680681676924972;0.7719888796000113
26669.92264163707;0.46453871094094096;0.8885026154554382;0.25;0.8177616137101129;0.6037438238008836;0.46453871094094096;0.8885026154554382;0.25;0.014653783138401856;0;0;0;0;0.8177616137101129;0.6037438238008836
26218.55219940287;0.48902886958009106;0.6665935404850182;0.25;0.800456589818546;0.7353239314590894;0.48902886958009106;0.6665935404850182;0.25;0.018808103677976792;0;0;0;0;0.800456589818546;0.7353239314590894
30096.335905814027;0.6760338278071106;0.22211951565137533;0.25;0.7274090405824957;0.681219988488899;0.6760338278071106;0.22211951565137533;0.25;0.0176555514716937;0;0;0;0;0.7274090405824957;0.681219988488899
29627.811419461817;0.6101065090823318;0.28560619319571884;0.25;0.7438904855025326;0.5414277241416068;0.6101065090823318;0.28560619319571884;0.25;0.013871432001377384;0;0;0;0;0.7438904855025326;0.5414277241416068
28123.699980761314;0.6174186774852652;0.28504568667564334;0.25;0.7177836317297192;0.996644690492782;0.6174186774852652;0.28504568667564334;0.25;0.025328404710383147;0;0;0;0;0.7177836317297192;0.996644690492782
30091.81431749221;0.6780063002405942;0.22211024871115015;0.25;0.8101457119596791;0.6404691487790128;0.6780063002405942;0.22211024871115015;0.25;0.017287697441848722;0;0;0;0;0.8101457119596791;0.6404691487790128
26035.24768004682;0.4867120204618252;0.6664567577279897;0.25;0.7930285798610219;0.6882511438317545;0.4867120204618252;0.6664567577279897;0.25;0.017268193271036972;0;0;0;0;0.7930285798610219;0.6882511438317545
29588.407302443557;0.6775046358812797;0.22210960649361797;0.24994121904258337;0.7880619381406059;0.7126539980835767;0.6775046358812797;0.22210960649361797;0.24994121904258337;0.018966590317799594;0;0;0;0;0.7880619381406059;0.7126539980835767
28793.366528877697;0.6155284259426684;0.28567908029941874;0.25;0.8272271254449794;0.7496599277557086;0.6155284259426684;0.28567908029941874;0.25;0.020150571489710077;0;0;0;0;0.8272271254449794;0.7496599277557086
28189.911749802104;0.6143285999569681;0.2856592655251382;0.24935946523661448;0.7571953039350481;0.8732001955970734;0.6143285999569681;0.2856592655251382;0.24935946523661448;0.022523086908005658;0;0;0;0;0.7571953039350481;0.8732001955970734
25341.80203024289;0.48230527307762266;0.6665550552464611;0.25;0.7251858682750048;0.7039341745675121;0.48230527307762266;0.6665550552464611;0.25;0.0167519540780797;0;0;0;0;0.7251858682750048;0.7039341745675121
31047.499572378583;0.6770647872235761;0.2222023767415822;0.24756008361738682;0.7767852392687674;0.5805622163091515;0.6770647872235761;0.2222023767415822;0.24756008361738682;0.015558537664987063;0;0;0;0;0.7767852392687674;0.5805622163091515
26694.0571314914;0.5501933979850818;0.39997729825081985;0.25;0.735904690133352;0.9054309658948962;0.5501933979850818;0.39997729825081985;0.25;0.022623378762292642;0;0;0;0;0.735904690133352;0.9054309658948962
27431.079989811373;0.4881974882209824;0.666600098068393;0.25;0.845466512520098;0.5810998804111871;0.4881974882209824;0.666600098068393;0.25;0.015308462020225448;0;0;0;0;0.845466512520098;0.5810998804111871
30009.93416168623;0.676949537450005;0.2222108891351776;0.25;0.7591690094577329;0.6632230909594728;0.676949537450005;0.2222108891351776;0.25;0.017461796235714415;0;0;0;0;0.7591690094577329;0.6632230909594728
30020.8109569446;0.6726352231376388;0.22210635350196373;0.25;0.7120378205958775;0.6545063843404251;0.6726352231376388;0.22210635350196373;0.25;0.01665143286101254;0;0;0;0;0.7120378205958775;0.6545063843404251
27606.301955524108;0.5510559173175822;0.399970635721379;0.25;0.7509191883725664;0.7796923402167555;0.5510559173175822;0.399970635721379;0.25;0.01987963155244772;0;0;0;0;0.7509191883725664;0.7796923402167555
29684.846312242633;0.6759134630871884;0.22220487202517422;0.25;0.786296329729867;0.6628342412757984;0.6759134630871884;0.22220487202517422;0.25;0.017639513626136274;0;0;0;0;0.786296329729867;0.6628342412757984
30527.084251008557;0.5958087042047111;0.2856659957146183;0.23754153465630629;0.7916707871965777;0.5043375488624369;0.5958087042047111;0.2856659957146183;0.23754153465630629;0.012998103280528837;0;0;0;0;0.7916707871965777;0.5043375488624369
31880.711468158872;0.6234730843699372;0.24237776816195408;0.2322119521044387;0.7058669259339677;0.5441522790243898;0.6234730843699372;0.24237776816195408;0.2322119521044387;0.016090829005116578;0;0;0;0;0.7058669259339677;0.5441522790243898
26727.922877427227;0.4820300717135642;0.6665738999932744;0.25;0.7145322711675993;0.5422866790085543;0.4820300717135642;0.6665738999932744;0.25;0.012979570579130932;0;0;0;0;0.7145322711675993;0.5422866790085543
27759.257782006036;0.5504564156036705;0.399377577997923;0.25;0.7806104476121027;0.6998351685702807;0.5504564156036705;0.399377577997923;0.25;0.01807217068270651;0;0;0;0;0.7806104476121027;0.6998351685702807
25357.252009768046;0.48270970488014714;0.6658523173227507;0.25;0.7328299937661362;0.6973493542510762;0.48270970488014714;0.6658523173227507;0.25;0.01681839886316072;0;0;0;0;0.7328299937661362;0.6973493542510762
29057.345048428935;0.6793752555902711;0.22220647101370322;0.25;0.7648804939617901;0.8670973304597975;0.6793752555902711;0.22220647101370322;0.25;0.022820244720327086;0;0;0;0;0.7648804939617901;0.8670973304597975
27867.700635078683;0.6138558312842612;0.2856554284248985;0.25;0.7401448514894265;0.9026997578010759;0.6138558312842612;0.2856554284248985;0.25;0.023150640751809476;0;0;0;0;0.7401448514894265;0.9026997578010759
28733.88376742822;0.6822220525578504;0.22212014784083964;0.25;0.7999413307168312;0.9405592608587434;0.6822220525578504;0.22212014784083964;0.25;0.02529880451325908;0;0;0;0;0.7999413307168312;0.9405592608587434
28410.26734271862;0.5488304058762576;0.3999307689266622;0.25;0.7480025071998953;0.602257536512769;0.5488304058762576;0.3999307689266622;0.25;0.015355044621619768;0;0;0;0;0.7480025071998953;0.602257536512769
30635.621577035337;0.6806647651827848;0.2221418682741906;0.25;0.8228536260200355;0.6183507880525727;0.6806647651827848;0.2221418682741906;0.25;0.01697377839480211;0;0;0;0;0.8228536260200355;0.6183507880525727
28646.415105868557;0.6149720501892906;0.28567218939659966;0.25;0.7021849755345982;0.9049148553884852;0.6149720501892906;0.28567218939659966;0.25;0.022933201833682384;0;0;0;0;0.7021849755345982;0.9049148553884852
28382.599520198743;0.6805082910466591;0.22214275749189322;0.25;0.789281522720014;0.9644612827473196;0.6805082910466591;0.22214275749189322;0.25;0.025752830948333083;0;0;0;0;0.789281522720014;0.9644612827473196
30453.4357167763;0.6942546813268025;0.21294456204067486;0.25;0.7874643085465777;0.7003455040230679;0.6942546813268025;0.21294456204067486;0.25;0.020853581483741033;0;0;0;0;0.7874643085465777;0.7003455040230679
24465.356892345702;0.4592222636511048;1.0;0.25;0.7826831366525387;0.8705232474494025;0.4592222636511048;1.0;0.25;0.021400103002929778;0;0;0;0;0.7826831366525387;0.8705232474494025
27126.83404124826;0.550227981972837;0.39974543221216047;0.25;0.8083315814111351;0.7721668968250471;0.550227981972837;0.39974543221216047;0.25;0.020024868400029743;0;0;0;0;0.8083315814111351;0.7721668968250471
30075.197618463797;0.6723721873983206;0.2221849406919041;0.25;0.706446034971678;0.6573533899458663;0.6723721873983206;0.2221849406919041;0.25;0.016681744643166543;0;0;0;0;0.706446034971678;0.6573533899458663
25806.07648957428;0.48968946516582146;0.6665966191092807;0.25;0.8355213580661699;0.8127523620802699;0.48968946516582146;0.6665966191092807;0.25;0.020735815914659044;0;0;0;0;0.8355213580661699;0.8127523620802699
30807.776082949673;0.6035655001165603;0.28562527158132567;0.24033441427360766;0.8195234848765015;0.5505731646759379;0.6035655001165603;0.28562527158132567;0.24033441427360766;0.014621824857439382;0;0;0;0;0.8195234848765015;0.5505731646759379
24063.66791174345;0.4612215031910639;1.0;0.25;0.8238595291062193;0.9695683506861376;0.4612215031910639;1.0;0.25;0.024331068858875343;0;0;0;0;0.8238595291062193;0.9695683506861376
31084.868609907964;0.6829220300371642;0.22217831059136045;0.25;0.7979544396041609;0.6083063856355034;0.6829220300371642;0.22217831059136045;0.25;0.016554801377028732;0;0;0;0;0.7979544396041609;0.6083063856355034
29457.49326157556;0.6797014823074603;0.22184150533878028;0.25;0.8068687294167984;0.7653825553651687;0.6797014823074603;0.22184150533878028;0.25;0.020632855418348355;0;0;0;0;0.8068687294167984;0.7653825553651687
27548.800551808406;0.547553226997258;0.3999541754064559;0.24999771725233078;0.7131390261725349;0.7557040173815349;0.547553226997258;0.3999541754064559;0.24999771725233078;0.018966386028473343;0;0;0;0;0.7131390261725349;0.7557040173815349
30993.41686184174;0.6752251298352914;0.22212227173234592;0.25;0.7000205539550205;0.5929217009762004;0.6752251298352914;0.22212227173234592;0.25;0.015145408069256898;0;0;0;0;0.7000205539550205;0.5929217009762004
26333.644415541217;0.48577972754381665;0.66659635445543;0.25;0.8257914547046998;0.620440023666992;0.48577972754381665;0.66659635445543;0.25;0.015834422060064288;0;0;0;0;0.8257914547046998;0.620440023666992
28630.935756169998;0.6099999534257453;0.285691056420388;0.25;0.7455604821727645;0.6873664021055572;0.6099999534257453;0.285691056420388;0.25;0.017567865995047262;0;0;0;0;0.7455604821727645;0.6873664021055572
29380.889200053018;0.6126340405622717;0.2856768117394903;0.25;0.7339741250602123;0.6666040587111505;0.6126340405622717;0.2856768117394903;0.25;0.017184990915122312;0;0;0;0;0.7339741250602123;0.6666040587111505
29698.695199425732;0.6128710657494082;0.2856617585831415;0.25;0.8066055824968122;0.5471745419401474;0.6128710657494082;0.2856617585831415;0.25;0.014735341123201802;0;0;0;0;0.8066055824968122;0.5471745419401474
24814.173218477055;0.48754029893412215;0.6666256068534374;0.25;0.7689018055565013;0.8852353851406409;0.48754029893412215;0.6666256068534374;0.25;0.021625882746661315;0;0;0;0;0.7689018055565013;0.8852353851406409
30632.590207463527;0.6761331950398258;0.22212298452028045;0.24962359362672792;0.7557787826449349;0.5677672706249606;0.6761331950398258;0.22212298452028045;0.24962359362672792;0.015020884197927416;0;0;0;0;0.7557787826449349;0.5677672706249606
28722.273927010523;0.5106605273399052;0.39997138673454496;0.22395711694762888;0.7475980813098712;0.5156856734417825;0.5106605273399052;0.39997138673454496;0.22395711694762888;0.01211519370236012;0;0;0;0;0.7475980813098712;0.5156856734417825
27768.290777827297;0.5521267242896082;0.39998900084478084;0.25;0.8134424646393063;0.7431316828243866;0.5521267242896082;0.39998900084478084;0.25;0.019494705522579443;0;0;0;0;0.8134424646393063;0.7431316828243866
27933.22065755667;0.5501495976609644;0.3998531279844797;0.25;0.7452459175412167;0.7124625065819981;0.5501495976609644;0.3998531279844797;0.25;0.018043578654762995;0;0;0;0;0.7452459175412167;0.7124625065819981
26392.427126989263;0.4650494148859306;1.0;0.25;0.8465025114349571;0.8469239377834188;0.4650494148859306;1.0;0.25;0.02219258975640394;0;0;0;0;0.8465025114349571;0.8469239377834188
28299.65636010763;0.675926773542656;0.22217677561698757;0.25;0.7448208279417726;0.9211774418300271;0.675926773542656;0.22217677561698757;0.25;0.02375395159539119;0;0;0;0;0.7448208279417726;0.9211774418300271
25389.875119072956;0.48422943485026837;0.6666600951953247;0.25;0.7338381178930514;0.7485635146570118;0.48422943485026837;0.6666600951953247;0.25;0.018055086287057445;0;0;0;0;0.7338381178930514;0.7485635146570118
30535.544960827498;0.6798378173084152;0.22218644517517122;0.25;0.7624561806568406;0.6420962983455221;0.6798378173084152;0.22218644517517122;0.25;0.017304647920289244;0;0;0;0;0.7624561806568406;0.6420962983455221
29647.98699350431;0.6798629563615934;0.22217449594921101;0.25;0.8332769046580509;0.7509233552247596;0.6798629563615934;0.22217449594921101;0.25;0.020668608161601217;0;0;0;0;0.8332769046580509;0.7509233552247596
27508.901340687906;0.5476803784917195;0.3999449477502616;0.25;0.795160370113241;0.6551619484884486;0.5476803784917195;0.3999449477502616;0.25;0.016946103018797145;0;0;0;0;0.795160370113241;0.6551619484884486
28626.85376597868;0.680540989106083;0.22220269511841187;0.2498756998892703;0.8322655233283546;0.9365115214960826;0.680540989106083;0.22220269511841187;0.2498756998892703;0.02546863712698376;0;0;0;0;0.8322655233283546;0.9365115214960826
28362.16940788707;0.6755414564706257;0.22208198569590365;0.25;0.7367001992192562;0.9254952685836577;0.6755414564706257;0.22208198569590365;0.25;0.02386086459409514;0;0;0;0;0.7367001992192562;0.9254952685836577
27578.617816845166;0.5450566923580465;0.39995613185235984;0.25;0.7324558645509222;0.6416906766771093;0.5450566923580465;0.39995613185235984;0.25;0.015932346997125972;0;0;0;0;0.7324558645509222;0.6416906766771093
26399.934531038725;0.4800390390277582;0.6665982725981527;0.25;0.7081687222677705;0.5262335004611174;0.4800390390277582;0.6665982725981527;0.25;0.012534818489104108;0;0;0;0;0.7081687222677705;0.5262335004611174
28825.961853542194;0.6252588632972415;0.28567270786166005;0.25;0.8305950374320423;0.9730677812037388;0.6252588632972415;0.28567270786166005;0.25;0.02675364215107397;0;0;0;0;0.8305950374320423;0.9730677812037388
27813.37260981858;0.6711511054328857;0.2222213524293683;0.25;0.7057593270949787;0.9914481911414625;0.6711511054328857;0.2222213524293683;0.25;0.0251300678301404;0;0;0;0;0.7057593270949787;0.9914481911414625
25810.6447497479;0.4894434352612344;0.6666395912969;0.25;0.7370707539383841;0.8608076191828664;0.4894434352612344;0.6666395912969;0.25;0.02115818427949821;0;0;0;0;0.7370707539383841;0.8608076191828664
28301.78735986951;0.6764111232962509;0.22219378406725357;0.25;0.7847831171528705;0.892595291037019;0.6764111232962509;0.22219378406725357;0.25;0.023529352261198087;0;0;0;0;0.7847831171528705;0.892595291037019
30185.292435764535;0.6806092949643142;0.22213581690979445;0.25;0.795637631809564;0.6860947032788999;0.6806092949643142;0.22213581690979445;0.25;0.018699544579092255;0;0;0;0;0.795637631809564;0.6860947032788999
28411.633592765513;0.5489343792942942;0.39996970981639446;0.25;0.7651927185264316;0.5933791572213905;0.5489343792942942;0.39996970981639446;0.25;0.015248298385134576;0;0;0;0;0.7651927185264316;0.5933791572213905
28593.568562159617;0.537355270290079;0.3999216920612047;0.2436057948560677;0.7559431607620355;0.500138750751618;0.537355270290079;0.3999216920612047;0.2436057948560677;0.012461653334845803;0;0;0;0;0.7559431607620355;0.500138750751618
25806.710329513826;0.48997860551958283;0.6666022728846545;0.25;0.7976428142645366;0.8223713778793141;0.48997860551958283;0.6666022728846545;0.25;0.02078832564695932;0;0;0;0;0.7976428142645366;0.8223713778793141
30542.490190845372;0.6780378755183294;0.22220452081543982;0.25;0.7646527805676813;0.6011039663849475;0.6780378755183294;0.22220452081543982;0.25;0.015997011065442747;0;0;0;0;0.7646527805676813;0.6011039663849475
29089.104942576298;0.680099850638741;0.22215687728946332;0.25;0.8409434573882677;0.8374118220499409;0.680099850638741;0.22215687728946332;0.25;0.02338108450206886;0;0;0;0;0.8409434573882677;0.8374118220499409
29903.458132755175;0.6136717526478903;0.28567882298093433;0.25;0.8157523315261502;0.5390987439166302;0.6136717526478903;0.28567882298093433;0.25;0.014699566368274262;0;0;0;0;0.8157523315261502;0.5390987439166302
24800.336113152065;0.4901882160907645;0.6665779720429452;0.25;0.8338652246308853;0.9463746663613755;0.4901882160907645;0.6665779720429452;0.25;0.02424680581488625;0;0;0;0;0.8338652246308853;0.9463746663613755
29727.319996491362;0.6805773335576968;0.22213690183621812;0.25;0.8081662942629206;0.7529759987644342;0.6805773335576968;0.22213690183621812;0.25;0.020462938465827366;0;0;0;0;0.8081662942629206;0.7529759987644342
25804.611584305345;0.4860495602729591;0.6665938539094723;0.25;0.8137025758919707;0.691369009936851;0.4860495602729591;0.6665938539094723;0.25;0.017718071964381254;0;0;0;0;0.8137025758919707;0.691369009936851
26400.671477184213;0.5528464608769992;0.39993486153364743;0.25;0.7534273529059365;0.990602325163254;0.5528464608769992;0.39993486153364743;0.25;0.025080036186218475;0;0;0;0;0.7534273529059365;0.990602325163254
28432.448937218767;0.67675330911151;0.22216673723067537;0.25;0.7564810021484837;0.9044025353448502;0.67675330911151;0.22216673723067537;0.25;0.0237107393049884;0;0;0;0;0.7564810021484837;0.9044025353448502
25285.584312909345;0.4545504567913181;0.9470562727940885;0.24930281690692052;0.7288321160503299;0.6372360183578156;0.4545504567913181;0.9470562727940885;0.24930281690692052;0.014959726563193105;0;0;0;0;0.7288321160503299;0.6372360183578156
28805.76347564958;0.617865235897364;0.28567476394652563;0.25;0.7511525954339053;0.8478119476152839;0.617865235897364;0.28567476394652563;0.25;0.022603515775181868;0;0;0;0;0.7511525954339053;0.8478119476152839
27001.700866709238;0.46938873946079585;0.9681473905455057;0.25;0.8482471083134412;0.8328966273059308;0.46938873946079585;0.9681473905455057;0.25;0.024060905168060562;0;0;0;0;0.8482471083134412;0.8328966273059308
31083.99723597263;0.6097086589837422;0.22214687920714862;0.20289797661098652;0.8214756699581506;0.7975518604986237;0.6097086589837422;0.22214687920714862;0.20289797661098652;0.01969254058184434;0;0;0;0;0.8214756699581506;0.7975518604986237
25162.443559003354;0.4915517359765177;0.6665923277270764;0.25;0.7270150908975217;0.9973478480459471;0.4915517359765177;0.6665923277270764;0.25;0.02569834434839797;0;0;0;0;0.7270150908975217;0.9973478480459471
30115.912253495295;0.6175775912243512;0.28568373196035446;0.25;0.792692266960651;0.6100073944641715;0.6175775912243512;0.28568373196035446;0.25;0.01639221247089113;0;0;0;0;0.792692266960651;0.6100073944641715
25156.787554322058;0.45601315179171603;1.0;0.25;0.7407938873837346;0.7243598491671747;0.45601315179171603;1.0;0.25;0.01739555339914766;0;0;0;0;0.7407938873837346;0.7243598491671747
24771.136102693;0.48431512155908985;0.6661500084132556;0.25;0.715603626551926;0.8587301445585502;0.48431512155908985;0.6661500084132556;0.25;0.020435967821946812;0;0;0;0;0.715603626551926;0.8587301445585502
25682.89169857172;0.45592812637604263;1.0;0.25;0.8381566169852421;0.6150744612572727;0.45592812637604263;1.0;0.25;0.01560709141322166;0;0;0;0;0.8381566169852421;0.6150744612572727
25822.3217733716;0.49595858320888486;0.6660757821573005;0.25;0.8284957341506218;0.9936774914139013;0.49595858320888486;0.6660757821573005;0.25;0.0259586578996834;0;0;0;0;0.8284957341506218;0.9936774914139013
31166.04406999363;0.6816225827168179;0.2221399214988403;0.25;0.7701442207478186;0.5777091076293799;0.6816225827168179;0.2221399214988403;0.25;0.0154734465970401;0;0;0;0;0.7701442207478186;0.5777091076293799
26606.5073755251;0.4882940555092806;0.6666591146768338;0.25;0.7894034208822367;0.6675197515905849;0.4882940555092806;0.6666591146768338;0.25;0.01707360340605733;0;0;0;0;0.7894034208822367;0.6675197515905849
30581.906456966535;0.6735553930097943;0.2210255541583688;0.25;0.7210448489026425;0.5297173566866856;0.6735553930097943;0.2210255541583688;0.25;0.013586525261389098;0;0;0;0;0.7210448489026425;0.5297173566866856
24524.799111748405;0.45725683087749897;1.0;0.25;0.7893875408963392;0.7872243519657693;0.45725683087749897;1.0;0.25;0.019475910898164927;0;0;0;0;0.7893875408963392;0.7872243519657693
29192.994652416444;0.6341295461808272;0.22218076900731945;0.22058440487169212;0.8163505763761287;0.9443368021072063;0.6341295461808272;0.22218076900731945;0.22058440487169212;0.023855741237854847;0;0;0;0;0.8163505763761287;0.9443368021072063
25168.22234311688;0.4614715075889166;0.970112658887667;0.25;0.7205217729850293;0.8919907213965113;0.4614715075889166;0.970112658887667;0.25;0.021404628654647005;0;0;0;0;0.7205217729850293;0.8919907213965113
28244.040495692087;0.6155667294214222;0.28568152051019724;0.25;0.751444945153233;0.8741388572583664;0.6155667294214222;0.28568152051019724;0.25;0.02255617201808048;0;0;0;0;0.751444945153233;0.8741388572583664
25737.917662588818;0.45778276689068514;1.0;0.25;0.7957191822680115;0.6723017426792107;0.45778276689068514;1.0;0.25;0.016810449609608393;0;0;0;0;0.7957191822680115;0.6723017426792107
26953.195214151576;0.5057308561655193;0.5247769795337397;0.25;0.7147927535226595;0.5754835071108395;0.5057308561655193;0.5247769795337397;0.25;0.013717046610599727;0;0;0;0;0.7147927535226595;0.5754835071108395
27106.79345560146;0.5530088607374674;0.3999293443953113;0.25;0.7830190394448244;0.8506802243833871;0.5530088607374674;0.3999293443953113;0.25;0.022227320925730498;0;0;0;0;0.7830190394448244;0.8506802243833871
28403.926302838066;0.552905291808051;0.3999381793589889;0.25;0.7856652626320093;0.6732037732115961;0.552905291808051;0.3999381793589889;0.25;0.01812131140535107;0;0;0;0;0.7856652626320093;0.6732037732115961
26642.338489041147;0.49423978432326005;0.6666417724436559;0.25;0.8291437674548466;0.8539150787749927;0.49423978432326005;0.6666417724436559;0.25;0.022154156892187388;0;0;0;0;0.8291437674548466;0.8539150787749927
25876.92620059407;0.4678271026564498;1.0;0.25;0.8333604637146037;0.9794115485063724;0.4678271026564498;1.0;0.25;0.025739375907156477;0;0;0;0;0.8333604637146037;0.9794115485063724
26723.358661292114;0.4567835783824682;1.0;0.25;0.8439431813121664;0.5382797759199645;0.4567835783824682;1.0;0.25;0.013833069385385111;0;0;0;0;0.8439431813121664;0.5382797759199645
27926.927902378015;0.6146385257452158;0.2857098434487478;0.25;0.822400140853887;0.8541391523438671;0.6146385257452158;0.2857098434487478;0.25;0.022783235849024315;0;0;0;0;0.822400140853887;0.8541391523438671
28183.238282361388;0.6793030039307839;0.22216636186550512;0.2497812074127358;0.8003397561824123;0.9701712012636412;0.6793030039307839;0.22216636186550512;0.2497812074127358;0.026099859073528867;0;0;0;0;0.8003397561824123;0.9701712012636412
29383.766794836938;0.6084939393059213;0.28565246323601257;0.25;0.7135171981348511;0.6022000213207097;0.6084939393059213;0.28565246323601257;0.25;0.015159747820280354;0;0;0;0;0.7135171981348511;0.6022000213207097
24759.861355164197;0.45444096792393446;1.0;0.25;0.7108378836531923;0.7679195059508099;0.45444096792393446;1.0;0.25;0.01799021340054001;0;0;0;0;0.7108378836531923;0.7679195059508099
26735.601704769764;0.4594712629077031;1.0;0.25;0.8466026261543728;0.6262148537985188;0.4594712629077031;1.0;0.25;0.016326453810722227;0;0;0;0;0.8466026261543728;0.6262148537985188
31302.27994278774;0.6783624569052712;0.22213627571806044;0.25;0.7387845072887462;0.5244855660444253;0.6783624569052712;0.22213627571806044;0.25;0.013826673995120668;0;0;0;0;0.7387845072887462;0.5244855660444253
24982.10052184475;0.4858819259925834;0.6666607154973712;0.25;0.7586100006658241;0.8103625548162847;0.4858819259925834;0.6666607154973712;0.25;0.020059081636890956;0;0;0;0;0.7586100006658241;0.8103625548162847
27936.79850661543;0.5579960420305238;0.39996594726359164;0.25;0.8142457942299404;0.8758634923006623;0.5579960420305238;0.39996594726359164;0.25;0.02339974117720189;0;0;0;0;0.8142457942299404;0.8758634923006623
29240.488105605033;0.6781530639779306;0.22213553351151982;0.24931096244520926;0.7346453495185123;0.8832679812924176;0.6781530639779306;0.22213553351151982;0.24931096244520926;0.022933078865806863;0;0;0;0;0.7346453495185123;0.8832679812924176
27345.477543842593;0.4870758450205022;0.6666309200464392;0.25;0.8205979289167951;0.5472199483702667;0.4870758450205022;0.6666309200464392;0.25;0.014145411402421535;0;0;0;0;0.8205979289167951;0.5472199483702667
28531.72079583747;0.5513821496539373;0.3992165431648079;0.25;0.8190433459877504;0.6127321138077144;0.5513821496539373;0.3992165431648079;0.25;0.016178960528725563;0;0;0;0;0.8190433459877504;0.6127321138077144
30700.16984289445;0.6749424156363083;0.22213859353827828;0.25;0.7152107697639029;0.5904846236669553;0.6749424156363083;0.22213859353827828;0.25;0.015213500708888519;0;0;0;0;0.7152107697639029;0.5904846236669553
29354.842816887223;0.6149439100435022;0.2856942402852417;0.25;0.7448288548407017;0.7075289091140029;0.6149439100435022;0.2856942402852417;0.25;0.01832175624733951;0;0;0;0;0.7448288548407017;0.7075289091140029
29707.977356739422;0.5533453785939829;0.39990430980246694;0.24996157786194745;0.8418777957676956;0.5715536610966949;0.5533453785939829;0.39990430980246694;0.24996157786194745;0.015214336735401606;0;0;0;0;0.8418777957676956;0.5715536610966949
27250.868119949486;0.5489288454456959;0.3998893257084813;0.25;0.7184589010904798;0.8239788153245603;0.5489288454456959;0.3998893257084813;0.25;0.020441180909155792;0;0;0;0;0.7184589010904798;0.8239788153245603
30220.156856608803;0.6765442753013684;0.22212366258284671;0.25;0.7661601010370976;0.611642992590788;0.6765442753013684;0.22212366258284671;0.25;0.01613895826733863;0;0;0;0;0.7661601010370976;0.611642992590788
29068.03557017667;0.6736097648233018;0.22220982164713646;0.25;0.738341131639647;0.7635994162430015;0.6736097648233018;0.22220982164713646;0.25;0.019848134659637254;0;0;0;0;0.738341131639647;0.7635994162430015
31404.92426232463;0.681019876167773;0.22214313603230249;0.24955963722474764;0.7866869032700959;0.5312647720272115;0.681019876167773;0.22214313603230249;0.24955963722474764;0.014509848841089678;0;0;0;0;0.7866869032700959;0.5312647720272115
28637.894166403108;0.6042265539190127;0.28564696120166894;0.24457502293883124;0.7783337258765763;0.7223988347756625;0.6042265539190127;0.28564696120166894;0.24457502293883124;0.018553236695809;0;0;0;0;0.7783337258765763;0.7223988347756625
26277.76173254705;0.4795544956614024;0.8140078552338231;0.25;0.8069658340657587;0.9055263271012295;0.4795544956614024;0.8140078552338231;0.25;0.023489728663059126;0;0;0;0;0.8069658340657587;0.9055263271012295
24772.031658928878;0.48267150357569105;0.6665708499603609;0.25;0.7353242903807591;0.7744094916738327;0.48267150357569105;0.6665708499603609;0.25;0.0186318838638011;0;0;0;0;0.7353242903807591;0.7744094916738327
25779.14297892227;0.4955044835553581;0.6665638707921824;0.25;0.849031791648974;0.9930528138033615;0.4955044835553581;0.6665638707921824;0.25;0.02606721737142585;0;0;0;0;0.849031791648974;0.9930528138033615
32162.42319765948;0.628297039862743;0.22212657513233727;0.21525987470718988;0.796008159630337;0.5613379289368017;0.628297039862743;0.22212657513233727;0.21525987470718988;0.014200817287785845;0;0;0;0;0.796008159630337;0.5613379289368017
29001.07991453893;0.4140954249847969;0.6666189485379027;0.1887414330660603;0.7909874204204042;0.5815629408672809;0.4140954249847969;0.6666189485379027;0.1887414330660603;0.01400830347255344;0;0;0;0;0.7909874204204042;0.5815629408672809
30789.490300193043;0.6184998713491491;0.28566737859526214;0.25;0.8356661322161534;0.5420773989576348;0.6184998713491491;0.28566737859526214;0.25;0.01500445548609138;0;0;0;0;0.8356661322161534;0.5420773989576348
29060.726762522238;0.6833740300351958;0.22214585776590912;0.25;0.8011027728263441;0.9229852606437021;0.6833740300351958;0.22214585776590912;0.25;0.024880419155324435;0;0;0;0;0.8011027728263441;0.9229852606437021
28528.208100435608;0.6048318878750323;0.2856501314349533;0.2423955605091112;0.8484700666564298;0.8302266655529541;0.6048318878750323;0.2856501314349533;0.2423955605091112;0.022125260405414748;0;0;0;0;0.8484700666564298;0.8302266655529541
28870.13706793594;0.6183527020342149;0.28564365512909856;0.25;0.8372863766914739;0.8073667382061649;0.6183527020342149;0.28564365512909856;0.25;0.02199645280557199;0;0;0;0;0.8372863766914739;0.8073667382061649
29288.210826091243;0.5547845597682578;0.2856603480930036;0.20948582418309994;0.7558700817192008;0.8012402577612769;0.5547845597682578;0.2856603480930036;0.20948582418309994;0.018765342930642463;0;0;0;0;0.7558700817192008;0.8012402577612769
24871.050776042735;0.45997786743727304;1.0;0.25;0.7845087677236883;0.8497785458199101;0.45997786743727304;1.0;0.25;0.021035922525865038;0;0;0;0;0.7845087677236883;0.8497785458199101
29486.99380288665;0.6798776241457631;0.22216732751191387;0.24977679527724733;0.731580591641036;0.8734476885125402;0.6798776241457631;0.22216732751191387;0.24977679527724733;0.022709278186647353;0;0;0;0;0.731580591641036;0.8734476885125402
30416.236343704582;0.6180196288101992;0.28569339321556764;0.25;0.8303158455351454;0.591639427684828;0.6180196288101992;0.28569339321556764;0.25;0.016200303204367834;0;0;0;0;0.8303158455351454;0.591639427684828
28694.356965490897;0.6212325295976932;0.28557840548962327;0.25;0.7999694074553849;0.900067641283465;0.6212325295976932;0.28557840548962327;0.25;0.02412719479905291;0;0;0;0;0.7999694074553849;0.900067641283465
234113.40501256922;0.8;0.2;0.22723625028228264;0.7577120179446136;0.7723210037384824;0.8;0.2;0.22723625028228264;0.3637774630584396;0;0;0;0;0.7577120179446136;0.7723210037384824
233281.2132831283;0.6520310675503691;0.22222223846741454;0.11154398880878554;0.7897147629133536;0.8972654332174261;0.6520310675503691;0.22222223846741454;0.11154398880878554;0.39466308805450195;0;0;0;0;0.7897147629133536;0.8972654332174261
25089.37289755227;0.491005369311005;0.6666642084809054;0.25;0.7643574425513966;0.9616963128815761;0.491005369311005;0.6666642084809054;0.25;0.02391277844053597;0;0;0;0;0.7643574425513966;0.9616963128815761
23418.76246409126;0.45666896125486733;1.0;0.25;0.7244246682429267;0.9736605753746645;0.45666896125486733;1.0;0.25;0.022917209997398876;0;0;0;0;0.7244246682429267;0.9736605753746645
26221.023148692657;0.4967962221367252;0.6666477508559862;0.25;0.8300292069442593;0.9712082480229631;0.4967962221367252;0.6666477508559862;0.25;0.025727715586547854;0;0;0;0;0.8300292069442593;0.9712082480229631
30780.98916839637;0.6758134856578967;0.22213069815603018;0.25;0.7029442158147372;0.6344708038526227;0.6758134856578967;0.22213069815603018;0.25;0.01626766845327339;0;0;0;0;0.7029442158147372;0.6344708038526227
29323.062660794792;0.6204570878343019;0.28565281250263164;0.25;0.791630323618429;0.7995270151294325;0.6204570878343019;0.28565281250263164;0.25;0.02170020486502162;0;0;0;0;0.791630323618429;0.7995270151294325
24899.03889479768;0.48761455111052016;0.6663257016262322;0.25;0.7436346270875156;0.9004433195075743;0.48761455111052016;0.6663257016262322;0.25;0.02186986444980155;0;0;0;0;0.7436346270875156;0.9004433195075743
29683.774843615036;0.6135051287925709;0.2856332801247147;0.25;0.7638361683231099;0.5970326228742701;0.6135051287925709;0.2856332801247147;0.25;0.015606969230344657;0;0;0;0;0.7638361683231099;0.5970326228742701
28215.550781960585;0.5532685525287829;0.3999260018559963;0.25;0.8177168355268136;0.7237935822764611;0.5532685525287829;0.3999260018559963;0.25;0.019138900024593224;0;0;0;0;0.8177168355268136;0.7237935822764611
27699.787127992327;0.5428050166299124;0.3997597983650385;0.25;0.7014446047907021;0.6229113521127922;0.5428050166299124;0.3997597983650385;0.25;0.015151544186041132;0;0;0;0;0.7014446047907021;0.6229113521127922
28098.946705765793;0.6150868673605712;0.2852034786056966;0.25;0.7424797921972887;0.8894550001715915;0.6150868673605712;0.2852034786056966;0.25;0.022868990990291188;0;0;0;0;0.7424797921972887;0.8894550001715915
30893.993659741835;0.66976300941683;0.22214521448823746;0.2426184905363184;0.7767725741583681;0.6280300190689365;0.66976300941683;0.22214521448823746;0.2426184905363184;0.016773517292431563;0;0;0;0;0.7767725741583681;0.6280300190689365
27127.46238268485;0.5475897800241174;0.3999330666515021;0.25;0.7525324137952312;0.7407389472887542;0.5475897800241174;0.3999330666515021;0.25;0.018641263369031873;0;0;0;0;0.7525324137952312;0.7407389472887542
25243.09586464303;0.46527914861302155;0.8245471405217103;0.25;0.722985176139346;0.6622629690542203;0.46527914861302155;0.8245471405217103;0.25;0.015756934741853697;0;0;0;0;0.722985176139346;0.6622629690542203
30934.65643587412;0.682323020685437;0.22217384395418702;0.25;0.7826834156207829;0.6186293250581784;0.682323020685437;0.22217384395418702;0.25;0.016805947547897482;0;0;0;0;0.7826834156207829;0.6186293250581784
25741.472507756458;0.4836434030168944;0.6666548443177891;0.25;0.7309922151935505;0.6834659745044063;0.4836434030168944;0.6666548443177891;0.25;0.01669605954532315;0;0;0;0;0.7309922151935505;0.6834659745044063
29120.593511787196;0.6768191713604041;0.2220940690293037;0.25;0.7013503234794723;0.9265307222341856;0.6768191713604041;0.2220940690293037;0.25;0.02356421663165583;0;0;0;0;0.7013503234794723;0.9265307222341856
26544.06549809111;0.4863369943324204;0.6666653384080647;0.25;0.7625879562317475;0.6332005295872816;0.4863369943324204;0.6666653384080647;0.25;0.015845041202215835;0;0;0;0;0.7625879562317475;0.6332005295872816
